a0	a0	a0N
Aa.0A0	Aa0a0	N
Aa.0A0	Aa0a0	N
Aa.0A0	Aa0a0	N
Aa.0A0	Aa0a0	Aa0a0N
Aa.0A0	Aa0a0	N
Aa.0A0	Aa0a0	N
Aa.0A0	Aa0a0	N
Aa.0A0	Aa0a0	N
Aa.0A0	Aa0a0	Aa0a0N
Aa.0A0	Aa0a0	N
Aa.0A0	Aa0a0	Aa0a0N
Aa.0A0	Aa0a0	Aa0a0N
Aa.0A0	Aa0a0	Aa0a0N
Aa.0A0	Aa0a0	N
Aa.0A0	Aa0a0	N
Aa.0A0	Aa0a0	Aa0a0N
Aa.0A0	Aa0a0	N
Aa.0A0	Aa0a0	N
Aa.0A0	Aa0a0	N
Aa.0A0	Aa0a0	N
Aa.0A0	Aa0a0	N
Aa.0A0	Aa0a0	Aa0a0N
Aa.0A0		Aa0a0N
Aa.0A0	Aa0a0	Aa0a0N
Aa.0A0	Aa0a0	N
Aa.0A0	Aa0a0	N
Aa.0A0	Aa0a0	N
Aa.0A0	Aa0a0	Aa0a0N
Aa.0A0	Aa0a0	Aa0a0N
Aa.0A0		Aa0a0N
Aa.0A0	Aa0a0	N
Aa.0A0	Aa0a0	Aa0a0N
Aa.0A0	Aa0a0	N
Aa.0A0	Aa0a0	Aa0a0N
Aa.0A0	Aa0a0	Aa0a0N
Aa.0A0	Aa0a0	Aa0a0N
Aa.0A0	Aa0a0	Aa0a0N
Aa.0A0	Aa0a0	Aa0a0N
Aa.0A0	Aa0a0	Aa0a0N
Aa.0A0	Aa0a0	Aa0a0N
Aa.0A0	Aa0a0	Aa0a0N
Aa.0A0	Aa0a0	N
Aa.0A0	Aa0a0	N
Aa.0A0	Aa0a0	Aa0a0N
Aa.0A0	Aa0a0	Aa0a0N
Aa.0A0	Aa0a0	Aa0a0N
Aa.0A0	Aa0a0	N
Aa.0A0	Aa0a0	Aa0a0N
Aa.0A0	Aa0a0	N
Aa.0A0		Aa0a0N
Aa.0A0	Aa0a0	N
Aa.0A0	Aa0a0	Aa0a0N
Aa.0A0	Aa0a0	Aa0a0N
Aa.0A0	Aa0a0	N
Aa.0A0	Aa0a0	Aa0a0N
Aa.0A0	Aa0a0	Aa0a0N
Aa.0A0	Aa0a0	Aa0a0N
Aa.0A0	Aa0a0	Aa0a0N
Aa.0A0	Aa0a0	Aa0a0N
Aa.0A0	Aa0a0	Aa0a0N
Aa.0A0	Aa0a0	Aa0a0N
Aa.0A0	Aa0a0	Aa0a0N
Aa.0A0	Aa0a0	Aa0a0N
Aa.0A0	Aa0a0	Aa0a0N
Aa.0A0	Aa0a0	N
Aa.0A0	Aa0a0	Aa0a0N
Aa.0A0	Aa0a0	N
Aa.0A0	Aa0a0	Aa0a0N
Aa.0A0	Aa0a0	Aa0a0N
Aa.0A0	Aa0a0	N
Aa.0A0	Aa0a0	N
Aa.0A0	Aa0a0	N
Aa.0A0	Aa0a0	Aa0a0N
Aa.0A0	Aa0a0	Aa0a0N
Aa.0A0		Aa0a0N
Aa.0A0	Aa0a0	Aa0a0N
Aa.0A0		Aa0a0N
Aa.0A0	Aa0a0	Aa0a0N
Aa.0A0	Aa0a0	N
Aa.0A0	Aa0a0	N
Aa.0A0	Aa0a0	N
Aa.0A0	Aa0a0	N
Aa.0A0	Aa0a0	Aa0a0N
Aa.0A0	Aa0a0	N
Aa.0A0	Aa0a0	Aa0a0N
Aa.0A0	Aa0a0	N
Aa.0A0	Aa0a0	N
Aa.0A0	Aa0a0	Aa0a0N
Aa.0A0	Aa0a0	Aa0a0N
Aa.0A0	Aa0a0	Aa0a0N
Aa.0A0	Aa0a0	Aa0a0N
Aa.0A0	Aa0a0	Aa0a0N
Aa.0A0	Aa0a0	N
Aa.0A0	Aa0a0	N
Aa.0A0	Aa0a0	N
Aa.0A0	Aa0a0	N
Aa.0A0	Aa0a0	N
Aa.0A0	Aa0a0	N
Aa.0A0	Aa0a0	Aa0a0N
Aa.0A0	Aa0a0	Aa0a0N
Aa.0A0		Aa0a0N
Aa.0A0		Aa0a0N
Aa.0A0	Aa0a0	Aa0a0N
Aa.0A0		Aa0a0N
Aa.0A0	Aa0a0	Aa0a0N
Aa.0A0	Aa0a0	Aa0a0N
Aa.0A0		Aa0a0N
Aa.0A0	Aa0a0	N
Aa.0A0	Aa0a0	N
Aa.0A0	Aa0a0	Aa0a0N
Aa.0A0	Aa0a0	Aa0a0N
Aa.0A0	Aa0a0	N
Aa.0A0		Aa0a0N
Aa.0A0		Aa0a0N
Aa.0A0		Aa0a0N
Aa.0A0		Aa0a0N
Aa.0A0		Aa0a0N
Aa.0A0	Aa0a0	N
Aa.0A0	Aa0a0	N
Aa.0A0	Aa0a0	Aa0a0N
Aa.0A0	Aa0a0	Aa0a0N
Aa.0A0	Aa0a0	N
Aa.0A0	Aa0a0	N
Aa.0A0	Aa0a0	N
Aa.0A0	Aa0a0	N
Aa.0A0	Aa0a0	N
Aa.0A0	Aa0a0	N
Aa.0A0	Aa0a0	N
Aa.0A0	Aa0a0	Aa0a0N
Aa.0A0	Aa0a0	Aa0a0N
Aa.0A0	Aa0a0	N
Aa.0A0	Aa0a0	N
Aa.0A0	Aa0a0	N
Aa.0A0	Aa0a0	N
Aa.0A0	Aa0a0	N
Aa.0A0	Aa0a0	Aa0a0N
Aa.0A0	Aa0a0	Aa0a0N
Aa.0A0	Aa0a0	Aa0a0N
Aa.0A0	Aa0a0	N
Aa.0A0	Aa0a0	N
Aa.0A0	Aa0a0	N
Aa.0A0	Aa0a0	N
Aa.0A0	Aa0a0	Aa0a0N
Aa.0A0	Aa0a0	Aa0a0N
Aa.0A0	Aa0a0	Aa0a0N
Aa.0A0	Aa0a0	Aa0a0N
Aa.0A0	Aa0a0	Aa0a0N
Aa.0A0	Aa0a0	N
Aa.0A0	Aa0a0	N
Aa.0A0	Aa0a0	Aa0a0N
Aa.0A0		Aa0a0N
Aa.0A0	Aa0a0	Aa0a0N
Aa.0A0		Aa0a0N
Aa.0A0	Aa0a0	N
Aa.0A0		Aa0a0N
Aa.0A0		Aa0a0N
Aa.0A0		Aa0a0N
Aa.0A0		Aa0a0N
Aa.0A0	Aa0a0	N
Aa.0A0	Aa0a0	Aa0a0N
Aa.0A0	Aa0a0	N
Aa.0A0	Aa0a0	Aa0a0N
Aa.0A0	Aa0a0	N
Aa.0A0	Aa0a0	N
Aa.0A0	Aa0a0	Aa0a0N
Aa.0A0	Aa0a0	Aa0a0N
Aa.0A0	Aa0a0	N
Aa.0A0	Aa0a0	Aa0a0N
Aa.0A0	Aa0a0	Aa0a0N
Aa.0A0	Aa0a0	N
Aa.0A0	Aa0a0	Aa0a0N
Aa.0A0		Aa0a0N
Aa.0A0	Aa0a0	Aa0a0N
Aa.0A0	Aa0a0	N
Aa.0A0	Aa0a0	Aa0a0N
Aa.0A0	Aa0a0	Aa0a0N
Aa.0A0	Aa0a0	Aa0a0N
Aa.0A0	Aa0a0	Aa0a0N
Aa.0A0	Aa0a0	N
Aa.0A0	Aa0a0	Aa0a0N
Aa.0A0	Aa0a0	Aa0a0N
Aa.0A0	Aa0a0	Aa0a0N
Aa.0A0	Aa0a0	N
Aa.0A0	Aa0a0	Aa0a0N
Aa.0A0	Aa0a0	Aa0a0N
Aa.0A0	Aa0a0	N
Aa.0A0	Aa0a0	N
Aa.0A0	Aa0a0	Aa0a0N
Aa.0A0	Aa0a0	Aa0a0N
Aa.0A0	Aa0a0	N
Aa.0A0	Aa0a0	Aa0a0N
Aa.0A0	Aa0a0	N
Aa.0A0	Aa0a0	Aa0a0N
Aa.0A0	Aa0a0	Aa0a0N
Aa.0A0	Aa0a0	Aa0a0N
Aa.0A0	Aa0a0	Aa0a0N
Aa.0A0	Aa0a0	Aa0a0N
Aa.0A0	Aa0a0	N
Aa.0A0	Aa0a0	Aa0a0N
Aa.0A0	Aa0a0	Aa0a0N
Aa.0A0		Aa0a0N
Aa.0A0		Aa0a0N
Aa.0A0	Aa0a0	Aa0a0N
Aa.0A0		Aa0a0N
Aa.0A0	Aa0a0	Aa0a0N
Aa.0A0	Aa0a0	Aa0a0N
Aa.0A0	Aa0a0	Aa0a0N
Aa.0A0	Aa0a0	N
Aa.0A0		Aa0a0N
Aa.0A0	Aa0a0	Aa0a0N
Aa.0A0	Aa0a0	N
Aa.0A0	Aa0a0	Aa0a0N
Aa.0A0	Aa0a0	Aa0a0N
Aa.0A0	Aa0a0	N
Aa.0A0	Aa0a0	Aa0a0N
Aa.0A0	Aa0a0	N
Aa.0A0	Aa0a0	N
Aa.0A0	Aa0a0	N
Aa.0A0	Aa0a0	N
Aa.0A0	Aa0a0	N
Aa.0A0	Aa0a0	Aa0a0N
Aa.0A0	Aa0a0	Aa0a0N
Aa.0A0	Aa0a0	N
Aa.0A0	Aa0a0	Aa0a0N
Aa.0A0	Aa0a0	N
Aa.0A0	Aa0a0	N
Aa.0A0	Aa0a0	N
Aa.0A0	Aa0a0	N
Aa.0A0	Aa0a0	Aa0a0N
Aa.0A0	Aa0a0	Aa0a0N
Aa.0A0	Aa0a0	N
Aa.0A0	Aa0a0	Aa0a0N
Aa.0A0	Aa0a0	Aa0a0N
Aa.0A0	Aa0a0	Aa0a0N
Aa.0A0		Aa0a0N
Aa.0A0	Aa0a0	Aa0a0N
Aa.0A0	Aa0a0	N
Aa.0A0	Aa0a0	N
Aa.0A0	Aa0a0	Aa0a0N
Aa.0A0	Aa0a0	N
Aa.0A0	Aa0a0	N
Aa.0A0	Aa0a0	Aa0a0N
Aa.0A0	Aa0a0	Aa0a0N
Aa.0A0	Aa0a0	Aa0a0N
Aa.0A0	Aa0a0	N
Aa.0A0	Aa0a0	Aa0a0N
Aa.0A0	Aa0a0	Aa0a0N
Aa.0A0	Aa0a0	Aa0a0N
Aa.0A0	Aa0a0	N
Aa.0A0	Aa0a0	Aa0a0N
Aa.0A0	Aa0a0	N
Aa.0A0	Aa0a0	Aa0a0N
Aa.0A0	Aa0a0	N
Aa.0A0	Aa0a0	N
Aa.0A0	Aa0a0	Aa0a0N
Aa.0A0	Aa0a0	Aa0a0N
Aa.0A0	Aa0a0	N
Aa.0A0	Aa0a0	Aa0a0N
Aa.0A0	Aa0a0	Aa0a0N
Aa.0A0	Aa0a0	Aa0a0N
Aa.0A0	Aa0a0	N
Aa.0A0	Aa0a0	Aa0a0N
Aa.0A0		Aa0a0N
Aa.0A0	Aa0a0	N
Aa.0A0	Aa0a0	Aa0a0N
Aa.0A0	Aa0a0	N
Aa.0A0	Aa0a0	N
Aa.0A0	Aa0a0	N
Aa.0A0	Aa0a0	N
Aa.0A0	Aa0a0	N
Aa.0A0	Aa0a0	N
Aa.0A0	Aa0a0	N
Aa.0A0	Aa0a0	N
Aa.0A0	Aa0a0	N
Aa.0A0	Aa0a0	Aa0a0N
Aa.0A0	Aa0a0	Aa0a0N
Aa.0A0	Aa0a0	N
Aa.0A0	Aa0a0	N
Aa.0A0	Aa0a0	N
Aa.0A0	Aa0a0	N
Aa.0A0	Aa0a0	Aa0a0N
Aa.0A0	Aa0a0	N
Aa.0A0		Aa0a0N
Aa.0A0		Aa0a0N
Aa.0A0		Aa0a0N
Aa.0A0	Aa0a0	N
Aa.0A0	Aa0a0	N
Aa.0A0	Aa0a0	N
Aa.0A0	Aa0a0	N
Aa.0A0		Aa0a0N
Aa.0A0	Aa0a0	Aa0a0N
Aa.0A0	Aa0a0	Aa0a0N
Aa.0A0		Aa0a0N
Aa.0A0	Aa0a0	Aa0a0N
Aa.0A0	Aa0a0	Aa0a0N
Aa.0A0	Aa0a0	N
Aa.0A0	Aa0a0	N
Aa.0A0	Aa0a0	Aa0a0N
Aa.0A0	Aa0a0	Aa0a0N
Aa.0A0	Aa0a0	N
Aa.0A0	Aa0a0	N
Aa.0A0	Aa0a0	Aa0a0N
Aa.0A0	Aa0a0	Aa0a0N
Aa.0A0	Aa0a0	Aa0a0N
Aa.0A0	Aa0a0	N
Aa.0A0	Aa0a0	N
Aa.0A0		Aa0a0N
Aa.0A0	Aa0a0	N
Aa.0A0	Aa0a0	N
Aa.0A0	Aa0a0	N
Aa.0A0	Aa0a0	N
Aa.0A0	Aa0a0	N
Aa.0A0	Aa0a0	Aa0a0N
Aa.0A0		Aa0a0N
Aa.0A0	Aa0a0	N
Aa.0A0	Aa0a0	Aa0a0N
Aa.0A0	Aa0a0	N
Aa.0A0	Aa0a0	Aa0a0N
Aa.0A0	Aa0a0	Aa0a0N
Aa.0A0	Aa0a0	Aa0a0N
Aa.0A0	Aa0a0	N
Aa.0A0	Aa0a0	N
Aa.0A0	Aa0a0	Aa0a0N
Aa.0A0	Aa0a0	Aa0a0N
Aa.0A0	Aa0a0	Aa0a0N
Aa.0A0	Aa0a0	Aa0a0N
Aa.0A0	Aa0a0	Aa0a0N
Aa.0A0	Aa0a0	Aa0a0N
Aa.0A0	Aa0a0	Aa0a0N
Aa.0A0	Aa0a0	Aa0a0N
Aa.0A0	Aa0a0	Aa0a0N
Aa.0A0	Aa0a0	Aa0a0N
Aa.0A0	Aa0a0	Aa0a0N
Aa.0A0	Aa0a0	Aa0a0N
Aa.0A0		Aa0a0N
Aa.0A0	Aa0a0	Aa0a0N
Aa.0A0	Aa0a0	Aa0a0N
Aa.0A0	Aa0a0	Aa0a0N
Aa.0A0	Aa0a0	Aa0a0N
Aa.0A0	Aa0a0	Aa0a0N
Aa.0A0	Aa0a0	Aa0a0N
Aa.0A0		Aa0a0N
Aa.0A0	Aa0a0	Aa0a0N
Aa.0A0	Aa0a0	Aa0a0N
Aa.0A0	Aa0a0	Aa0a0N
Aa.0A0	Aa0a0	N
Aa.0A0	Aa0a0	Aa0a0N
Aa.0A0	Aa0a0	Aa0a0N
Aa.0A0	Aa0a0	N
Aa.0A0	Aa0a0	Aa0a0N
Aa.0A0	Aa0a0	N
Aa.0A0	Aa0a0	N
Aa.0A0	Aa0a0	Aa0a0N
Aa.0A0	Aa0a0	Aa0a0N
Aa.0A0	Aa0a0	Aa0a0N
Aa.0A0	Aa0a0	Aa0a0N
Aa.0A0	Aa0a0	Aa0a0N
Aa.0A0	Aa0a0	Aa0a0N
Aa.0A0	Aa0a0	N
Aa.0A0	Aa0a0	Aa0a0N
Aa.0A0	Aa0a0	Aa0a0N
Aa.0A0	Aa0a0	Aa0a0N
Aa.0A0	Aa0a0	Aa0a0N
Aa.0A0		Aa0a0N
Aa.0A0	Aa0a0	Aa0a0N
Aa.0A0	Aa0a0	Aa0a0N
Aa.0A0	Aa0a0	Aa0a0N
Aa.0A0	Aa0a0	Aa0a0N
Aa.0A0	Aa0a0	Aa0a0N
Aa.0A0	Aa0a0	N
Aa.0A0	Aa0a0	N
Aa.0A0	Aa0a0	N
Aa.0A0	Aa0a0	Aa0a0N
Aa.0A0	Aa0a0	Aa0a0N
Aa.0A0	Aa0a0	Aa0a0N
Aa.0A0	Aa0a0	Aa0a0N
Aa.0A0	Aa0a0	N
Aa.0A0	Aa0a0	Aa0a0N
Aa.0A0	Aa0a0	N
Aa.0A0	Aa0a0	Aa0a0N
Aa.0A0	Aa0a0	N
Aa.0A0	Aa0a0	N
Aa.0A0	Aa0a0	Aa0a0N
Aa.0A0	Aa0a0	Aa0a0N
Aa.0A0	Aa0a0	Aa0a0N
Aa.0A0	Aa0a0	N
Aa.0A0		Aa0a0N
Aa.0A0	Aa0a0	Aa0a0N
Aa.0A0	Aa0a0	N
Aa.0A0	Aa0a0	N
Aa.0A0	Aa0a0	N
Aa.0A0	Aa0a0	Aa0a0N
Aa.0A0	Aa0a0	Aa0a0N
Aa.0A0	Aa0a0	Aa0a0N
Aa.0A0	Aa0a0	N
Aa.0A0	Aa0a0	N
Aa.0A0		Aa0a0N
Aa.0A0	Aa0a0	Aa0a0N
Aa.0A0	Aa0a0	Aa0a0N
Aa.0A0	Aa0a0	Aa0a0N
Aa.0A0	Aa0a0	N
Aa.0A0	Aa0a0	N
Aa.0A0	Aa0a0	N
Aa.0A0	Aa0a0	Aa0a0N
Aa.0A0	Aa0a0	N
Aa.0A0	Aa0a0	N
Aa.0A0	Aa0a0	Aa0a0N
Aa.0A0		Aa0a0N
Aa.0A0	Aa0a0	Aa0a0N
Aa.0A0	Aa0a0	Aa0a0N
Aa.0A0	Aa0a0	Aa0a0N
Aa.0A0	Aa0a0	N
Aa.0A0	Aa0a0	Aa0a0N
Aa.0A0	Aa0a0	Aa0a0N
Aa.0A0	Aa0a0	N
Aa.0A0	Aa0a0	Aa0a0N
Aa.0A0	Aa0a0	Aa0a0N
Aa.0A0	Aa0a0	Aa0a0N
Aa.0A0	Aa0a0	Aa0a0N
Aa.0A0	Aa0a0	Aa0a0N
Aa.0A0	Aa0a0	N
Aa.0A0		Aa0a0N
Aa.0A0	Aa0a0	N
Aa.0A0	Aa0a0	Aa0a0N
Aa.0A0	Aa0a0	Aa0a0N
Aa.0A0	Aa0a0	N
Aa.0A0	Aa0a0	N
Aa.0A0	Aa0a0	Aa0a0N
Aa.0A0		Aa0a0N
Aa.0A0	Aa0a0	N
Aa.0A0	Aa0a0	N
Aa.0A0	Aa0a0	N
Aa.0A0	Aa0a0	Aa0a0N
Aa.0A0	Aa0a0	N
Aa.0A0		Aa0a0N
Aa.0A0	Aa0a0	Aa0a0N
Aa.0A0	Aa0a0	N
Aa.0A0	Aa0a0	Aa0a0N
Aa.0A0	Aa0a0	Aa0a0N
Aa.0A0	Aa0a0	N
Aa.0A0	Aa0a0	N
Aa.0A0	Aa0a0	N
Aa.0A0	Aa0a0	N
Aa.0A0	Aa0a0	N
Aa.0A0	Aa0a0	Aa0a0N
Aa.0A0		Aa0a0N
Aa.0A0	Aa0a0	N
Aa.0A0	Aa0a0	N
Aa.0A0	Aa0a0	N
Aa.0A0	Aa0a0	N
Aa.0A0	Aa0a0	Aa0a0N
Aa.0A0	Aa0a0	N
Aa.0A0	Aa0a0	Aa0a0N
Aa.0A0	Aa0a0	N
Aa.0A0	Aa0a0	N
Aa.0A0	Aa0a0	Aa0a0N
Aa.0A0	Aa0a0	N
Aa.0A0	Aa0a0	N
Aa.0A0	Aa0a0	Aa0a0N
Aa.0A0	Aa0a0	Aa0a0N
Aa.0A0	Aa0a0	N
Aa.0A0	Aa0a0	N
Aa.0A0	Aa0a0	N
Aa.0A0	Aa0a0	Aa0a0N
Aa.0A0	Aa0a0	Aa0a0N
Aa.0A0		Aa0a0N
Aa.0A0	Aa0a0	Aa0a0N
Aa.0A0	Aa0a0	Aa0a0N
Aa.0A0	Aa0a0	Aa0a0N
Aa.0A0	Aa0a0	N
Aa.0A0	Aa0a0	Aa0a0N
Aa.0A0	Aa0a0	Aa0a0N
Aa.0A0	Aa0a0	N
Aa.0A0	Aa0a0	Aa0a0N
Aa.0A0	Aa0a0	N
Aa.0A0	Aa0a0	N
Aa.0A0	Aa0a0	N
Aa.0A0	Aa0a0	N
Aa.0A0	Aa0a0	N
Aa.0A0	Aa0a0	N
Aa.0A0		Aa0a0N
Aa.0A0	Aa0a0	Aa0a0N
Aa.0A0	Aa0a0	N
Aa.0A0	Aa0a0	Aa0a0N
Aa.0A0		Aa0a0N
Aa.0A0	Aa0a0	N
Aa.0A0	Aa0a0	N
Aa.0A0		Aa0a0N
Aa.0A0		Aa0a0N
Aa.0A0	Aa0a0	N
Aa.0A0	Aa0a0	Aa0a0N
Aa.0A0	Aa0a0	Aa0a0N
Aa.0A0		Aa0a0N
Aa.0A0	Aa0a0	N
Aa.0A0	Aa0a0	Aa0a0N
Aa.0A0	Aa0a0	N
Aa.0A0		Aa0a0N
Aa.0A0	Aa0a0	N
Aa.0A0	Aa0a0	N
Aa.0A0	Aa0a0	Aa0a0N
Aa.0A0	Aa0a0	Aa0a0N
Aa.0A0		Aa0a0N
Aa.0A0	Aa0a0	N
Aa.0A0		Aa0a0N
Aa.0A0	Aa0a0	Aa0a0N
Aa.0A0	Aa0a0	Aa0a0N
Aa.0A0	Aa0a0	Aa0a0N
Aa.0A0	Aa0a0	N
Aa.0A0	Aa0a0	Aa0a0N
Aa.0A0	Aa0a0	Aa0a0N
Aa.0A0	Aa0a0	N
Aa.0A0	Aa0a0	N
Aa.0A0	Aa0a0	Aa0a0N
Aa.0A0	Aa0a0	Aa0a0N
Aa.0A0	Aa0a0	Aa0a0N
Aa.0A0	Aa0a0	Aa0a0N
Aa.0A0	Aa0a0	Aa0a0N
Aa.0A0		Aa0a0N
Aa.0A0	Aa0a0	Aa0a0N
Aa.0A0	Aa0a0	N
Aa.0A0	Aa0a0	N
Aa.0A0	Aa0a0	Aa0a0N
Aa.0A0	Aa0a0	N
Aa.0A0	Aa0a0	Aa0a0N
Aa.0A0	Aa0a0	Aa0a0N
Aa.0A0		Aa0a0N
Aa.0A0	Aa0a0	Aa0a0N
Aa.0A0	Aa0a0	N
Aa.0A0	Aa0a0	N
Aa.0A0	Aa0a0	Aa0a0N
Aa.0A0	Aa0a0	Aa0a0N
Aa.0A0	Aa0a0	N
Aa.0A0	Aa0a0	N
Aa.0A0	Aa0a0	Aa0a0N
Aa.0A0	Aa0a0	Aa0a0N
Aa.0A0	Aa0a0	N
Aa.0A0		Aa0a0N
Aa.0A0	Aa0a0	Aa0a0N
Aa.0A0	Aa0a0	N
Aa.0A0	Aa0a0	N
Aa.0A0	Aa0a0	N
Aa.0A0	Aa0a0	Aa0a0N
Aa.0A0		Aa0a0N
Aa.0A0		Aa0a0N
Aa.0A0	Aa0a0	N
Aa.0A0	Aa0a0	Aa0a0N
Aa.0A0	Aa0a0	N
Aa.0A0	Aa0a0	N
Aa.0A0	Aa0a0	Aa0a0N
Aa.0A0	Aa0a0	Aa0a0N
Aa.0A0	Aa0a0	Aa0a0N
Aa.0A0	Aa0a0	N
Aa.0A0	Aa0a0	N
Aa.0A0	Aa0a0	N
Aa.0A0	Aa0a0	N
Aa.0A0	Aa0a0	Aa0a0N
Aa.0A0	Aa0a0	N
Aa.0A0	Aa0a0	N
Aa.0A0	Aa0a0	N
Aa.0A0	Aa0a0	Aa0a0N
Aa.0A0	Aa0a0	Aa0a0N
Aa.0A0	Aa0a0	N
Aa.0A0	Aa0a0	N
Aa.0A0	Aa0a0	Aa0a0N
Aa.0A0	Aa0a0	Aa0a0N
Aa.0A0	Aa0a0	Aa0a0N
Aa.0A0	Aa0a0	N
Aa.0A0	Aa0a0	Aa0a0N
Aa.0A0	Aa0a0	Aa0a0N
Aa.0A0	Aa0a0	Aa0a0N
Aa.0A0	Aa0a0	N
Aa.0A0	Aa0a0	Aa0a0N
Aa.0A0	Aa0a0	Aa0a0N
Aa.0A0		Aa0a0N
Aa.0A0		Aa0a0N
Aa.0A0	Aa0a0	Aa0a0N
Aa.0A0	Aa0a0	Aa0a0N
Aa.0A0		Aa0a0N
Aa.0A0	Aa0a0	Aa0a0N
Aa.0A0	Aa0a0	N
Aa.0A0	Aa0a0	N
Aa.0A0	Aa0a0	Aa0a0N
Aa.0A0	Aa0a0	Aa0a0N
Aa.0A0	Aa0a0	N
Aa.0A0		Aa0a0N
Aa.0A0	Aa0a0	N
Aa.0A0		Aa0a0N
Aa.0A0	Aa0a0	Aa0a0N
Aa.0A0		Aa0a0N
Aa.0A0	Aa0a0	Aa0a0N
Aa.0A0	Aa0a0	N
Aa.0A0		Aa0a0N
Aa.0A0		Aa0a0N
Aa.0A0	Aa0a0	Aa0a0N
Aa.0A0		Aa0a0N
Aa.0A0	Aa0a0	Aa0a0N
Aa.0A0	Aa0a0	Aa0a0N
Aa.0A0	Aa0a0	Aa0a0N
Aa.0A0	Aa0a0	Aa0a0N
Aa.0A0	Aa0a0	Aa0a0N
Aa.0A0	Aa0a0	Aa0a0N
Aa.0A0	Aa0a0	Aa0a0N
Aa.0A0	Aa0a0	Aa0a0N
Aa.0A0	Aa0a0	N
Aa.0A0	Aa0a0	N
Aa.0A0		Aa0a0N
Aa.0A0	Aa0a0	N
Aa.0A0	Aa0a0	Aa0a0N
Aa.0A0	Aa0a0	N
Aa.0A0	Aa0a0	Aa0a0N
Aa.0A0	Aa0a0	Aa0a0N
Aa.0A0	Aa0a0	Aa0a0N
Aa.0A0	Aa0a0	Aa0a0N
Aa.0A0	Aa0a0	Aa0a0N
Aa.0A0	Aa0a0	N
Aa.0A0	Aa0a0	N
Aa.0A0	Aa0a0	Aa0a0N
Aa.0A0	Aa0a0	Aa0a0N
Aa.0A0	Aa0a0	Aa0a0N
Aa.0A0	Aa0a0	N
Aa.0A0		Aa0a0N
Aa.0A0	Aa0a0	N
Aa.0A0	Aa0a0	Aa0a0N
Aa.0A0	Aa0a0	N
Aa.0A0	Aa0a0	Aa0a0N
Aa.0A0	Aa0a0	Aa0a0N
Aa.0A0	Aa0a0	N
Aa.0A0	Aa0a0	Aa0a0N
Aa.0A0	Aa0a0	Aa0a0N
Aa.0A0	Aa0a0	Aa0a0N
Aa.0A0	Aa0a0	Aa0a0N
Aa.0A0	Aa0a0	N
Aa.0A0	Aa0a0	N
Aa.0A0	Aa0a0	N
Aa.0A0	Aa0a0	Aa0a0N
Aa.0A0	Aa0a0	Aa0a0N
Aa.0A0	Aa0a0	Aa0a0N
Aa.0A0	Aa0a0	Aa0a0N
Aa.0A0	Aa0a0	Aa0a0N
Aa.0A0	Aa0a0	N
Aa.0A0	Aa0a0	Aa0a0N
Aa.0A0	Aa0a0	Aa0a0N
Aa.0A0	Aa0a0	Aa0a0N
Aa.0A0	Aa0a0	N
Aa.0A0	Aa0a0	Aa0a0N
Aa.0A0	Aa0a0	Aa0a0N
Aa.0A0	Aa0a0	N
Aa.0A0	Aa0a0	N
Aa.0A0	Aa0a0	N
Aa.0A0	Aa0a0	N
Aa.0A0	Aa0a0	N
Aa.0A0	Aa0a0	N
Aa.0A0	Aa0a0	Aa0a0N
Aa.0A0	Aa0a0	N
Aa.0A0	Aa0a0	N
Aa.0A0	Aa0a0	N
Aa.0A0	Aa0a0	Aa0a0N
Aa.0A0	Aa0a0	N
Aa.0A0	Aa0a0	Aa0a0N
Aa.0A0	Aa0a0	N
Aa.0A0	Aa0a0	Aa0a0N
Aa.0A0	Aa0a0	Aa0a0N
Aa.0A0	Aa0a0	Aa0a0N
Aa.0A0	Aa0a0	N
Aa.0A0	Aa0a0	N
Aa.0A0	Aa0a0	Aa0a0N
Aa.0A0	Aa0a0	Aa0a0N
Aa.0A0	Aa0a0	N
Aa.0A0	Aa0a0	N
Aa.0A0	Aa0a0	Aa0a0N
Aa.0A0	Aa0a0	N
Aa.0A0	Aa0a0	N
Aa.0A0	Aa0a0	N
Aa.0A0	Aa0a0	Aa0a0N
Aa.0A0	Aa0a0	Aa0a0N
Aa.0A0	Aa0a0	Aa0a0N
Aa.0A0	Aa0a0	Aa0a0N
Aa.0A0		Aa0a0N
Aa.0A0	Aa0a0	N
Aa.0A0	Aa0a0	N
Aa.0A0		Aa0a0N
Aa.0A0	Aa0a0	N
Aa.0A0	Aa0a0	Aa0a0N
Aa.0A0		Aa0a0N
Aa.0A0	Aa0a0	N
Aa.0A0	Aa0a0	Aa0a0N
Aa.0A0		Aa0a0N
Aa.0A0		Aa0a0N
Aa.0A0	Aa0a0	Aa0a0N
Aa.0A0		Aa0a0N
Aa.0A0	Aa0a0	Aa0a0N
Aa.0A0	Aa0a0	N
Aa.0A0	Aa0a0	N
Aa.0A0	Aa0a0	Aa0a0N
Aa.0A0	Aa0a0	N
Aa.0A0	Aa0a0	N
Aa.0A0		Aa0a0N
Aa.0A0		Aa0a0N
Aa.0A0		Aa0a0N
Aa.0A0	Aa0a0	N
Aa.0A0	Aa0a0	N
Aa.0A0	Aa0a0	Aa0a0N
Aa.0A0	Aa0a0	N
Aa.0A0	Aa0a0	N
Aa.0A0	Aa0a0	Aa0a0N
Aa.0A0	Aa0a0	N
Aa.0A0	Aa0a0	Aa0a0N
Aa.0A0	Aa0a0	N
Aa.0A0	Aa0a0	N
Aa.0A0	Aa0a0	Aa0a0N
Aa.0A0	Aa0a0	Aa0a0N
Aa.0A0	Aa0a0	Aa0a0N
Aa.0A0	Aa0a0	N
Aa.0A0	Aa0a0	Aa0a0N
Aa.0A0	Aa0a0	Aa0a0N
Aa.0A0		Aa0a0N
Aa.0A0	Aa0a0	N
Aa.0A0	Aa0a0	N
Aa.0A0	Aa0a0	N
Aa.0A0	Aa0a0	N
Aa.0A0	Aa0a0	Aa0a0N
Aa.0A0	Aa0a0	N
Aa.0A0	Aa0a0	N
Aa.0A0	Aa0a0	N
Aa.0A0	Aa0a0	N
Aa.0A0	Aa0a0	N
Aa.0A0	Aa0a0	N
Aa.0A0	Aa0a0	N
Aa.0A0	Aa0a0	Aa0a0N
Aa.0A0	Aa0a0	Aa0a0N
Aa.0A0	Aa0a0	Aa0a0N
Aa.0A0	Aa0a0	N
Aa.0A0	Aa0a0	Aa0a0N
Aa.0A0	Aa0a0	N
Aa.0A0		Aa0a0N
Aa.0A0	Aa0a0	Aa0a0N
Aa.0A0	Aa0a0	Aa0a0N
Aa.0A0	Aa0a0	N
Aa.0A0	Aa0a0	N
Aa.0A0	Aa0a0	Aa0a0N
Aa.0A0	Aa0a0	N
Aa.0A0	Aa0a0	N
Aa.0A0	Aa0a0	Aa0a0N
Aa.0A0	Aa0a0	Aa0a0N
Aa.0A0	Aa0a0	N
Aa.0A0	Aa0a0	N
Aa.0A0	Aa0a0	N
Aa.0A0	Aa0a0	N
Aa.0A0	Aa0a0	Aa0a0N
Aa.0A0	Aa0a0	Aa0a0N
Aa.0A0	Aa0a0	Aa0a0N
Aa.0A0	Aa0a0	N
Aa.0A0	Aa0a0	Aa0a0N
Aa.0A0	Aa0a0	N
Aa.0A0	Aa0a0	N
Aa.0A0	Aa0a0	Aa0a0N
Aa.0A0	Aa0a0	Aa0a0N
Aa.0A0	Aa0a0	N
Aa.0A0	Aa0a0	N
Aa.0A0		Aa0a0N
Aa.0A0	Aa0a0	N
Aa.0A0	Aa0a0	Aa0a0N
Aa.0A0	Aa0a0	Aa0a0N
Aa.0A0	Aa0a0	N
Aa.0A0	Aa0a0	Aa0a0N
Aa.0A0		Aa0a0N
Aa.0A0	Aa0a0	Aa0a0N
Aa.0A0	Aa0a0	N
Aa.0A0	Aa0a0	N
Aa.0A0	Aa0a0	Aa0a0N
Aa.0A0	Aa0a0	N
Aa.0A0	Aa0a0	N
Aa.0A0	Aa0a0	Aa0a0N
Aa.0A0	Aa0a0	N
Aa.0A0	Aa0a0	Aa0a0N
Aa.0A0		Aa0a0N
Aa.0A0	Aa0a0	Aa0a0N
Aa.0A0	Aa0a0	Aa0a0N
Aa.0A0	Aa0a0	Aa0a0N
Aa.0A0	Aa0a0	Aa0a0N
Aa.0A0	Aa0a0	Aa0a0N
Aa.0A0	Aa0a0	N
Aa.0A0	Aa0a0	Aa0a0N
Aa.0A0	Aa0a0	Aa0a0N
Aa.0A0	Aa0a0	Aa0a0N
Aa.0A0	Aa0a0	Aa0a0N
Aa.0A0	Aa0a0	N
Aa.0A0	Aa0a0	N
Aa.0A0	Aa0a0	Aa0a0N
Aa.0A0		Aa0a0N
Aa.0A0	Aa0a0	N
Aa.0A0	Aa0a0	N
Aa.0A0	Aa0a0	Aa0a0N
Aa.0A0	Aa0a0	Aa0a0N
Aa.0A0	Aa0a0	N
Aa.0A0	Aa0a0	Aa0a0N
Aa.0A0	Aa0a0	Aa0a0N
Aa.0A0	Aa0a0	Aa0a0N
Aa.0A0	Aa0a0	N
Aa.0A0	Aa0a0	Aa0a0N
Aa.0A0	Aa0a0	Aa0a0N
Aa.0A0	Aa0a0	N
Aa.0A0	Aa0a0	Aa0a0N
Aa.0A0	Aa0a0	N
Aa.0A0	Aa0a0	N
Aa.0A0	Aa0a0	N
Aa.0A0	Aa0a0	Aa0a0N
Aa.0A0	Aa0a0	Aa0a0N
Aa.0A0		Aa0a0N
Aa.0A0	Aa0a0	Aa0a0N
Aa.0A0	Aa0a0	Aa0a0N
Aa.0A0	Aa0a0	Aa0a0N
Aa.0A0	Aa0a0	Aa0a0N
Aa.0A0		Aa0a0N
Aa.0A0	Aa0a0	N
Aa.0A0	Aa0a0	Aa0a0N
Aa.0A0		Aa0a0N
Aa.0A0	Aa0a0	N
Aa.0A0	Aa0a0	N
Aa.0A0	Aa0a0	Aa0a0N
Aa.0A0	Aa0a0	Aa0a0N
Aa.0A0	Aa0a0	N
Aa.0A0	Aa0a0	N
Aa.0A0	Aa0a0	N
Aa.0A0	Aa0a0	Aa0a0N
Aa.0A0	Aa0a0	Aa0a0N
Aa.0A0	Aa0a0	Aa0a0N
Aa.0A0	Aa0a0	Aa0a0N
Aa.0A0	Aa0a0	Aa0a0N
Aa.0A0	Aa0a0	Aa0a0N
Aa.0A0	Aa0a0	Aa0a0N
Aa.0A0	Aa0a0	N
Aa.0A0	Aa0a0	Aa0a0N
Aa.0A0	Aa0a0	N
Aa.0A0	Aa0a0	Aa0a0N
Aa.0A0	Aa0a0	Aa0a0N
Aa.0A0	Aa0a0	N
Aa.0A0	Aa0a0	Aa0a0N
Aa.0A0	Aa0a0	N
Aa.0A0	Aa0a0	Aa0a0N
Aa.0A0	Aa0a0	Aa0a0N
Aa.0A0	Aa0a0	Aa0a0N
Aa.0A0	Aa0a0	Aa0a0N
Aa.0A0	Aa0a0	N
Aa.0A0	Aa0a0	Aa0a0N
Aa.0A0	Aa0a0	N
Aa.0A0	Aa0a0	N
Aa.0A0	Aa0a0	N
Aa.0A0	Aa0a0	Aa0a0N
Aa.0A0	Aa0a0	N
Aa.0A0	Aa0a0	N
Aa.0A0	Aa0a0	Aa0a0N
Aa.0A0	Aa0a0	Aa0a0N
Aa.0A0	Aa0a0	Aa0a0N
Aa.0A0	Aa0a0	Aa0a0N
Aa.0A0	Aa0a0	N
Aa.0A0	Aa0a0	Aa0a0N
Aa.0A0	Aa0a0	N
Aa.0A0		Aa0a0N
Aa.0A0	Aa0a0	N
Aa.0A0	Aa0a0	Aa0a0N
Aa.0A0	Aa0a0	Aa0a0N
Aa.0A0	Aa0a0	N
Aa.0A0		Aa0a0N
Aa.0A0	Aa0a0	N
Aa.0A0		Aa0a0N
Aa.0A0		Aa0a0N
Aa.0A0	Aa0a0	N
Aa.0A0		Aa0a0N
Aa.0A0	Aa0a0	N
Aa.0A0	Aa0a0	Aa0a0N
Aa.0A0		Aa0a0N
Aa.0A0	Aa0a0	N
Aa.0A0	Aa0a0	Aa0a0N
Aa.0A0	Aa0a0	Aa0a0N
Aa.0A0	Aa0a0	N
Aa.0A0	Aa0a0	N
Aa.0A0		Aa0a0N
Aa.0A0		Aa0a0N
Aa.0A0	Aa0a0	N
Aa.0A0	Aa0a0	Aa0a0N
Aa.0A0	Aa0a0	N
Aa.0A0	Aa0a0	Aa0a0N
Aa.0A0	Aa0a0	N
Aa.0A0	Aa0a0	N
Aa.0A0	Aa0a0	Aa0a0N
Aa.0A0	Aa0a0	Aa0a0N
Aa.0A0		Aa0a0N
Aa.0A0	Aa0a0	N
Aa.0A0	Aa0a0	N
Aa.0A0	Aa0a0	N
Aa.0A0	Aa0a0	N
Aa.0A0	Aa0a0	Aa0a0N
Aa.0A0	Aa0a0	Aa0a0N
Aa.0A0	Aa0a0	Aa0a0N
Aa.0A0	Aa0a0	N
Aa.0A0	Aa0a0	Aa0a0N
Aa.0A0		Aa0a0N
Aa.0A0	Aa0a0	Aa0a0N
Aa.0A0	Aa0a0	N
Aa.0A0	Aa0a0	N
Aa.0A0	Aa0a0	N
Aa.0A0	Aa0a0	N
Aa.0A0	Aa0a0	N
Aa.0A0	Aa0a0	N
Aa.0A0	Aa0a0	N
Aa.0A0	Aa0a0	N
Aa.0A0	Aa0a0	Aa0a0N
Aa.0A0	Aa0a0	N
Aa.0A0	Aa0a0	N
Aa.0A0		Aa0a0N
Aa.0A0	Aa0a0	N
Aa.0A0	Aa0a0	Aa0a0N
Aa.0A0	Aa0a0	N
Aa.0A0	Aa0a0	Aa0a0N
Aa.0A0		Aa0a0N
Aa.0A0	Aa0a0	N
Aa.0A0	Aa0a0	N
Aa.0A0	Aa0a0	N
Aa.0A0	Aa0a0	N
Aa.0A0	Aa0a0	N
Aa.0A0	Aa0a0	N
Aa.0A0	Aa0a0	N
Aa.0A0	Aa0a0	N
Aa.0A0	Aa0a0	N
Aa.0A0	Aa0a0	N
Aa.0A0	Aa0a0	N
Aa.0A0	Aa0a0	Aa0a0N
Aa.0A0	Aa0a0	N
Aa.0A0	Aa0a0	Aa0a0N
Aa.0A0	Aa0a0	Aa0a0N
Aa.0A0	Aa0a0	Aa0a0N
Aa.0A0	Aa0a0	Aa0a0N
Aa.0A0	Aa0a0	Aa0a0N
Aa.0A0	Aa0a0	N
Aa.0A0	Aa0a0	N
Aa.0A0	Aa0a0	N
Aa.0A0	Aa0a0	N
Aa.0A0	Aa0a0	N
Aa.0A0	Aa0a0	N
Aa.0A0	Aa0a0	N
Aa.0A0	Aa0a0	N
Aa.0A0	Aa0a0	N
Aa.0A0	Aa0a0	N
Aa.0A0	Aa0a0	N
Aa.0A0	Aa0a0	N
Aa.0A0	Aa0a0	N
Aa.0A0	Aa0a0	N
Aa.0A0	Aa0a0	N
Aa.0A0	Aa0a0	Aa0a0N
Aa.0A0		Aa0a0N
Aa.0A0	Aa0a0	N
Aa.0A0	Aa0a0	Aa0a0N
Aa.0A0		Aa0a0N
Aa.0A0	Aa0a0	Aa0a0N
Aa.0A0		Aa0a0N
Aa.0A0	Aa0a0	Aa0a0N
Aa.0A0		Aa0a0N
Aa.0A0	Aa0a0	Aa0a0N
Aa.0A0	Aa0a0	Aa0a0N
Aa.0A0	Aa0a0	Aa0a0N
Aa.0A0	Aa0a0	Aa0a0N
Aa.0A0	Aa0a0	Aa0a0N
Aa.0A0	Aa0a0	Aa0a0N
Aa.0A0	Aa0a0	N
Aa.0A0		Aa0a0N
Aa.0A0	Aa0a0	N
Aa.0A0	Aa0a0	N
Aa.0A0	Aa0a0	N
Aa.0A0	Aa0a0	N
Aa.0A0	Aa0a0	Aa0a0N
Aa.0A0	Aa0a0	Aa0a0N
Aa.0A0	Aa0a0	N
Aa.0A0		Aa0a0N
Aa.0A0	Aa0a0	Aa0a0N
Aa.0A0	Aa0a0	Aa0a0N
Aa.0A0	Aa0a0	N
Aa.0A0	Aa0a0	Aa0a0N
Aa.0A0	Aa0a0	N
Aa.0A0	Aa0a0	N
Aa.0A0	Aa0a0	N
Aa.0A0		Aa0a0N
Aa.0A0	Aa0a0	Aa0a0N
Aa.0A0	Aa0a0	Aa0a0N
Aa.0A0	Aa0a0	Aa0a0N
Aa.0A0	Aa0a0	Aa0a0N
Aa.0A0		Aa0a0N
Aa.0A0	Aa0a0	Aa0a0N
Aa.0A0	Aa0a0	N
Aa.0A0	Aa0a0	N
Aa.0A0	Aa0a0	Aa0a0N
Aa.0A0	Aa0a0	Aa0a0N
Aa.0A0	Aa0a0	N
Aa.0A0		Aa0a0N
Aa.0A0	Aa0a0	Aa0a0N
Aa.0A0	Aa0a0	Aa0a0N
Aa.0A0	Aa0a0	Aa0a0N
Aa.0A0	Aa0a0	N
Aa.0A0		Aa0a0N
Aa.0A0	Aa0a0	Aa0a0N
Aa.0A0	Aa0a0	Aa0a0N
Aa.0A0	Aa0a0	Aa0a0N
Aa.0A0	Aa0a0	N
Aa.0A0	Aa0a0	Aa0a0N
Aa.0A0	Aa0a0	Aa0a0N
Aa.0A0	Aa0a0	Aa0a0N
Aa.0A0	Aa0a0	Aa0a0N
Aa.0A0	Aa0a0	Aa0a0N
Aa.0A0	Aa0a0	Aa0a0N
Aa.0A0	Aa0a0	Aa0a0N
Aa.0A0	Aa0a0	N
Aa.0A0	Aa0a0	Aa0a0N
Aa.0A0	Aa0a0	N
Aa.0A0	Aa0a0	N
Aa.0A0	Aa0a0	N
Aa.0A0	Aa0a0	N
Aa.0A0	Aa0a0	N
Aa.0A0	Aa0a0	Aa0a0N
Aa.0A0	Aa0a0	Aa0a0N
Aa.0A0	Aa0a0	Aa0a0N
Aa.0A0		Aa0a0N
Aa.0A0	Aa0a0	Aa0a0N
Aa.0A0	Aa0a0	N
Aa.0A0	Aa0a0	Aa0a0N
Aa.0A0		Aa0a0N
Aa.0A0		Aa0a0N
Aa.0A0		Aa0a0N
Aa.0A0	Aa0a0	N
Aa.0A0		Aa0a0N
Aa.0A0	Aa0a0	Aa0a0N
Aa.0A0	Aa0a0	Aa0a0N
Aa.0A0	Aa0a0	Aa0a0N
Aa.0A0		Aa0a0N
Aa.0A0		Aa0a0N
Aa.0A0	Aa0a0	N
Aa.0A0	Aa0a0	N
Aa.0A0	Aa0a0	Aa0a0N
Aa.0A0	Aa0a0	Aa0a0N
Aa.0A0	Aa0a0	Aa0a0N
Aa.0A0	Aa0a0	Aa0a0N
Aa.0A0	Aa0a0	Aa0a0N
Aa.0A0	Aa0a0	Aa0a0N
Aa.0A0	Aa0a0	Aa0a0N
Aa.0A0	Aa0a0	Aa0a0N
Aa.0A0	Aa0a0	Aa0a0N
Aa.0A0	Aa0a0	Aa0a0N
Aa.0A0	Aa0a0	N
Aa.0A0	Aa0a0	Aa0a0N
Aa.0A0	Aa0a0	Aa0a0N
Aa.0A0	Aa0a0	Aa0a0N
Aa.0A0	Aa0a0	Aa0a0N
Aa.0A0	Aa0a0	Aa0a0N
Aa.0A0	Aa0a0	Aa0a0N
Aa.0A0	Aa0a0	Aa0a0N
Aa.0A0	Aa0a0	N
Aa.0A0	Aa0a0	Aa0a0N
Aa.0A0	Aa0a0	Aa0a0N
Aa.0A0	Aa0a0	Aa0a0N
Aa.0A0	Aa0a0	N
Aa.0A0	Aa0a0	Aa0a0N
Aa.0A0	Aa0a0	Aa0a0N
Aa.0A0	Aa0a0	N
Aa.0A0		Aa0a0N
Aa.0A0	Aa0a0	Aa0a0N
Aa.0A0	Aa0a0	Aa0a0N
Aa.0A0	Aa0a0	Aa0a0N
Aa.0A0	Aa0a0	Aa0a0N
Aa.0A0	Aa0a0	Aa0a0N
Aa.0A0	Aa0a0	Aa0a0N
Aa.0A0	Aa0a0	N
Aa.0A0	Aa0a0	Aa0a0N
Aa.0A0	Aa0a0	N
Aa.0A0		Aa0a0N
Aa.0A0	Aa0a0	Aa0a0N
Aa.0A0	Aa0a0	N
Aa.0A0	Aa0a0	Aa0a0N
Aa.0A0	Aa0a0	Aa0a0N
Aa.0A0		Aa0a0N
Aa.0A0		Aa0a0N
Aa.0A0	Aa0a0	Aa0a0N
Aa.0A0	Aa0a0	N
Aa.0A0	Aa0a0	N
Aa.0A0	Aa0a0	Aa0a0N
Aa.0A0	Aa0a0	N
Aa.0A0	Aa0a0	Aa0a0N
Aa.0A0	Aa0a0	Aa0a0N
Aa.0A0	Aa0a0	Aa0a0N
Aa.0A0	Aa0a0	Aa0a0N
Aa.0A0	Aa0a0	Aa0a0N
Aa.0A0	Aa0a0	N
Aa.0A0	Aa0a0	N
Aa.0A0	Aa0a0	N
Aa.0A0	Aa0a0	N
Aa.0A0	Aa0a0	N
Aa.0A0	Aa0a0	Aa0a0N
Aa.0A0	Aa0a0	Aa0a0N
Aa.0A0	Aa0a0	N
Aa.0A0	Aa0a0	Aa0a0N
Aa.0A0		Aa0a0N
Aa.0A0	Aa0a0	Aa0a0N
Aa.0A0	Aa0a0	Aa0a0N
Aa.0A0	Aa0a0	N
Aa.0A0	Aa0a0	N
Aa.0A0		Aa0a0N
Aa.0A0		Aa0a0N
Aa.0A0	Aa0a0	N
Aa.0A0	Aa0a0	N
Aa.0A0	Aa0a0	N
Aa.0A0		Aa0a0N
Aa.0A0	Aa0a0	Aa0a0N
Aa.0A0	Aa0a0	N
Aa.0A0		Aa0a0N
Aa.0A0	Aa0a0	N
Aa.0A0	Aa0a0	Aa0a0N
Aa.0A0	Aa0a0	Aa0a0N
Aa.0A0	Aa0a0	Aa0a0N
Aa.0A0	Aa0a0	Aa0a0N
Aa.0A0	Aa0a0	Aa0a0N
Aa.0A0	Aa0a0	N
Aa.0A0	Aa0a0	N
Aa.0A0	Aa0a0	Aa0a0N
Aa.0A0	Aa0a0	N
Aa.0A0	Aa0a0	N
Aa.0A0	Aa0a0	N
Aa.0A0	Aa0a0	N
Aa.0A0		Aa0a0N
Aa.0A0		Aa0a0N
Aa.0A0	Aa0a0	N
Aa.0A0	Aa0a0	Aa0a0N
Aa.0A0	Aa0a0	Aa0a0N
Aa.0A0	Aa0a0	Aa0a0N
Aa.0A0	Aa0a0	N
Aa.0A0	Aa0a0	Aa0a0N
Aa.0A0	Aa0a0	Aa0a0N
Aa.0A0	Aa0a0	N
Aa.0A0	Aa0a0	Aa0a0N
Aa.0A0	Aa0a0	Aa0a0N
Aa.0A0	Aa0a0	Aa0a0N
Aa.0A0	Aa0a0	N
Aa.0A0	Aa0a0	Aa0a0N
Aa.0A0	Aa0a0	Aa0a0N
Aa.0A0	Aa0a0	N
Aa.0A0	Aa0a0	N
Aa.0A0	Aa0a0	Aa0a0N
Aa.0A0	Aa0a0	Aa0a0N
Aa.0A0	Aa0a0	N
Aa.0A0	Aa0a0	N
Aa.0A0	Aa0a0	N
Aa.0A0	Aa0a0	N
Aa.0A0	Aa0a0	N
Aa.0A0	Aa0a0	N
Aa.0A0		Aa0a0N
Aa.0A0	Aa0a0	Aa0a0N
Aa.0A0	Aa0a0	Aa0a0N
Aa.0A0	Aa0a0	N
Aa.0A0	Aa0a0	N
Aa.0A0	Aa0a0	N
Aa.0A0	Aa0a0	Aa0a0N
Aa.0A0	Aa0a0	Aa0a0N
Aa.0A0	Aa0a0	Aa0a0N
Aa.0A0	Aa0a0	N
Aa.0A0	Aa0a0	N
Aa.0A0	Aa0a0	Aa0a0N
Aa.0A0	Aa0a0	Aa0a0N
Aa.0A0	Aa0a0	Aa0a0N
Aa.0A0	Aa0a0	Aa0a0N
Aa.0A0	Aa0a0	Aa0a0N
Aa.0A0	Aa0a0	N
Aa.0A0	Aa0a0	Aa0a0N
Aa.0A0	Aa0a0	Aa0a0N
Aa.0A0	Aa0a0	Aa0a0N
Aa.0A0	Aa0a0	Aa0a0N
Aa.0A0	Aa0a0	Aa0a0N
Aa.0A0	Aa0a0	Aa0a0N
Aa.0A0	Aa0a0	Aa0a0N
Aa.0A0	Aa0a0	Aa0a0N
Aa.0A0	Aa0a0	Aa0a0N
Aa.0A0	Aa0a0	Aa0a0N
Aa.0A0	Aa0a0	N
Aa.0A0	Aa0a0	N
Aa.0A0		Aa0a0N
Aa.0A0	Aa0a0	N
Aa.0A0	Aa0a0	N
Aa.0A0	Aa0a0	N
Aa.0A0	Aa0a0	N
Aa.0A0	Aa0a0	N
Aa.0A0	Aa0a0	N
Aa.0A0	Aa0a0	N
Aa.0A0	Aa0a0	Aa0a0N
Aa.0A0	Aa0a0	N
Aa.0A0	Aa0a0	N
Aa.0A0	Aa0a0	Aa0a0N
Aa.0A0	Aa0a0	N
Aa.0A0	Aa0a0	N
Aa.0A0	Aa0a0	Aa0a0N
Aa.0A0		Aa0a0N
Aa.0A0	Aa0a0	Aa0a0N
Aa.0A0	Aa0a0	Aa0a0N
Aa.0A0	Aa0a0	Aa0a0N
Aa.0A0	Aa0a0	Aa0a0N
Aa.0A0	Aa0a0	Aa0a0N
Aa.0A0	Aa0a0	N
Aa.0A0	Aa0a0	N
Aa.0A0	Aa0a0	N
Aa.0A0	Aa0a0	N
Aa.0A0	Aa0a0	Aa0a0N
Aa.0A0	Aa0a0	N
Aa.0A0	Aa0a0	Aa0a0N
Aa.0A0	Aa0a0	Aa0a0N
Aa.0A0	Aa0a0	Aa0a0N
Aa.0A0	Aa0a0	N
Aa.0A0	Aa0a0	N
Aa.0A0	Aa0a0	N
Aa.0A0	Aa0a0	N
Aa.0A0	Aa0a0	N
Aa.0A0	Aa0a0	Aa0a0N
Aa.0A0		Aa0a0N
Aa.0A0	Aa0a0	N
Aa.0A0	Aa0a0	Aa0a0N
Aa.0A0	Aa0a0	N
Aa.0A0	Aa0a0	Aa0a0N
Aa.0A0		Aa0a0N
Aa.0A0		Aa0a0N
Aa.0A0		Aa0a0N
Aa.0A0	Aa0a0	Aa0a0N
Aa.0A0	Aa0a0	Aa0a0N
Aa.0A0	Aa0a0	Aa0a0N
Aa.0A0		Aa0a0N
Aa.0A0		Aa0a0N
Aa.0A0	Aa0a0	Aa0a0N
Aa.0A0	Aa0a0	N
Aa.0A0	Aa0a0	N
Aa.0A0	Aa0a0	N
Aa.0A0	Aa0a0	Aa0a0N
Aa.0A0	Aa0a0	N
Aa.0A0	Aa0a0	Aa0a0N
Aa.0A0	Aa0a0	Aa0a0N
Aa.0A0	Aa0a0	N
Aa.0A0	Aa0a0	Aa0a0N
Aa.0A0	Aa0a0	Aa0a0N
Aa.0A0	Aa0a0	Aa0a0N
Aa.0A0	Aa0a0	Aa0a0N
Aa.0A0	Aa0a0	N
Aa.0A0	Aa0a0	Aa0a0N
Aa.0A0		Aa0a0N
Aa.0A0	Aa0a0	N
Aa.0A0	Aa0a0	N
Aa.0A0	Aa0a0	N
Aa.0A0		Aa0a0N
Aa.0A0	Aa0a0	N
Aa.0A0	Aa0a0	N
Aa.0A0	Aa0a0	N
Aa.0A0	Aa0a0	N
Aa.0A0	Aa0a0	Aa0a0N
Aa.0A0	Aa0a0	Aa0a0N
Aa.0A0	Aa0a0	N
Aa.0A0	Aa0a0	N
Aa.0A0	Aa0a0	N
Aa.0A0	Aa0a0	N
Aa.0A0	Aa0a0	N
Aa.0A0	Aa0a0	N
Aa.0A0	Aa0a0	Aa0a0N
Aa.0A0	Aa0a0	Aa0a0N
Aa.0A0	Aa0a0	N
Aa.0A0		Aa0a0N
Aa.0A0		Aa0a0N
Aa.0A0	Aa0a0	Aa0a0N
Aa.0A0	Aa0a0	Aa0a0N
Aa.0A0	Aa0a0	Aa0a0N
Aa.0A0	Aa0a0	N
Aa.0A0	Aa0a0	Aa0a0N
Aa.0A0	Aa0a0	N
Aa.0A0	Aa0a0	N
Aa.0A0	Aa0a0	N
Aa.0A0	Aa0a0	N
Aa.0A0	Aa0a0	N
Aa.0A0		Aa0a0N
Aa.0A0	Aa0a0	N
Aa.0A0	Aa0a0	N
Aa.0A0	Aa0a0	Aa0a0N
Aa.0A0	Aa0a0	Aa0a0N
Aa.0A0	Aa0a0	N
Aa.0A0	Aa0a0	N
Aa.0A0	Aa0a0	Aa0a0N
Aa.0A0	Aa0a0	N
Aa.0A0	Aa0a0	N
Aa.0A0	Aa0a0	N
Aa.0A0	Aa0a0	Aa0a0N
Aa.0A0	Aa0a0	N
Aa.0A0	Aa0a0	Aa0a0N
Aa.0A0	Aa0a0	Aa0a0N
Aa.0A0	Aa0a0	Aa0a0N
Aa.0A0	Aa0a0	N
Aa.0A0	Aa0a0	Aa0a0N
Aa.0A0	Aa0a0	N
Aa.0A0	Aa0a0	Aa0a0N
Aa.0A0	Aa0a0	Aa0a0N
Aa.0A0	Aa0a0	Aa0a0N
Aa.0A0	Aa0a0	N
Aa.0A0	Aa0a0	N
Aa.0A0		Aa0a0N
Aa.0A0	Aa0a0	N
Aa.0A0	Aa0a0	Aa0a0N
Aa.0A0	Aa0a0	Aa0a0N
Aa.0A0	Aa0a0	Aa0a0N
Aa.0A0	Aa0a0	Aa0a0N
Aa.0A0	Aa0a0	Aa0a0N
Aa.0A0	Aa0a0	Aa0a0N
Aa.0A0	Aa0a0	Aa0a0N
Aa.0A0	Aa0a0	Aa0a0N
Aa.0A0	Aa0a0	N
Aa.0A0	Aa0a0	N
Aa.0A0		Aa0a0N
Aa.0A0	Aa0a0	Aa0a0N
Aa.0A0	Aa0a0	Aa0a0N
Aa.0A0	Aa0a0	Aa0a0N
Aa.0A0	Aa0a0	Aa0a0N
Aa.0A0	Aa0a0	N
Aa.0A0		Aa0a0N
Aa.0A0	Aa0a0	N
Aa.0A0	Aa0a0	N
Aa.0A0	Aa0a0	N
Aa.0A0	Aa0a0	N
Aa.0A0	Aa0a0	N
Aa.0A0	Aa0a0	N
Aa.0A0	Aa0a0	N
Aa.0A0	Aa0a0	Aa0a0N
Aa.0A0	Aa0a0	N
Aa.0A0		Aa0a0N
Aa.0A0	Aa0a0	N
Aa.0A0	Aa0a0	Aa0a0N
Aa.0A0	Aa0a0	Aa0a0N
Aa.0A0	Aa0a0	N
Aa.0A0	Aa0a0	N
Aa.0A0		Aa0a0N
Aa.0A0	Aa0a0	N
Aa.0A0	Aa0a0	Aa0a0N
Aa.0A0	Aa0a0	Aa0a0N
Aa.0A0	Aa0a0	Aa0a0N
Aa.0A0	Aa0a0	Aa0a0N
Aa.0A0	Aa0a0	N
Aa.0A0	Aa0a0	N
Aa.0A0	Aa0a0	Aa0a0N
Aa.0A0	Aa0a0	N
Aa.0A0	Aa0a0	Aa0a0N
Aa.0A0	Aa0a0	Aa0a0N
Aa.0A0	Aa0a0	Aa0a0N
Aa.0A0	Aa0a0	N
Aa.0A0	Aa0a0	N
Aa.0A0	Aa0a0	Aa0a0N
Aa.0A0	Aa0a0	N
Aa.0A0	Aa0a0	N
Aa.0A0	Aa0a0	N
Aa.0A0		Aa0a0N
Aa.0A0	Aa0a0	N
Aa.0A0	Aa0a0	N
Aa.0A0	Aa0a0	Aa0a0N
Aa.0A0		Aa0a0N
Aa.0A0	Aa0a0	N
Aa.0A0		Aa0a0N
Aa.0A0	Aa0a0	N
Aa.0A0	Aa0a0	Aa0a0N
Aa.0A0	Aa0a0	Aa0a0N
Aa.0A0	Aa0a0	Aa0a0N
Aa.0A0	Aa0a0	N
Aa.0A0	Aa0a0	N
Aa.0A0	Aa0a0	Aa0a0N
Aa.0A0	Aa0a0	Aa0a0N
Aa.0A0	Aa0a0	Aa0a0N
Aa.0A0	Aa0a0	N
Aa.0A0	Aa0a0	N
Aa.0A0	Aa0a0	Aa0a0N
Aa.0A0	Aa0a0	Aa0a0N
Aa.0A0	Aa0a0	Aa0a0N
Aa.0A0	Aa0a0	Aa0a0N
Aa.0A0	Aa0a0	Aa0a0N
Aa.0A0	Aa0a0	N
Aa.0A0	Aa0a0	N
Aa.0A0	Aa0a0	N
Aa.0A0	Aa0a0	Aa0a0N
Aa.0A0	Aa0a0	Aa0a0N
Aa.0A0	Aa0a0	Aa0a0N
Aa.0A0	Aa0a0	N
Aa.0A0	Aa0a0	N
Aa.0A0	Aa0a0	N
Aa.0A0	Aa0a0	N
Aa.0A0	Aa0a0	Aa0a0N
Aa.0A0	Aa0a0	N
Aa.0A0	Aa0a0	Aa0a0N
Aa.0A0	Aa0a0	Aa0a0N
Aa.0A0		Aa0a0N
Aa.0A0	Aa0a0	N
Aa.0A0		Aa0a0N
Aa.0A0	Aa0a0	Aa0a0N
Aa.0A0	Aa0a0	Aa0a0N
Aa.0A0	Aa0a0	N
Aa.0A0	Aa0a0	Aa0a0N
Aa.0A0	Aa0a0	N
Aa.0A0	Aa0a0	Aa0a0N
Aa.0A0	Aa0a0	N
Aa.0A0		Aa0a0N
Aa.0A0		Aa0a0N
Aa.0A0	Aa0a0	Aa0a0N
Aa.0A0		Aa0a0N
Aa.0A0	Aa0a0	N
Aa.0A0	Aa0a0	N
Aa.0A0	Aa0a0	N
Aa.0A0	Aa0a0	N
Aa.0A0		Aa0a0N
Aa.0A0		Aa0a0N
Aa.0A0		Aa0a0N
Aa.0A0	Aa0a0	Aa0a0N
Aa.0A0		Aa0a0N
Aa.0A0		Aa0a0N
Aa.0A0	Aa0a0	Aa0a0N
Aa.0A0		Aa0a0N
Aa.0A0	Aa0a0	N
Aa.0A0	Aa0a0	N
Aa.0A0	Aa0a0	Aa0a0N
Aa.0A0	Aa0a0	Aa0a0N
Aa.0A0	Aa0a0	Aa0a0N
Aa.0A0	Aa0a0	N
Aa.0A0		Aa0a0N
Aa.0A0	Aa0a0	Aa0a0N
Aa.0A0	Aa0a0	Aa0a0N
Aa.0A0	Aa0a0	Aa0a0N
Aa.0A0	Aa0a0	N
Aa.0A0		Aa0a0N
Aa.0A0	Aa0a0	Aa0a0N
Aa.0A0	Aa0a0	N
Aa.0A0	Aa0a0	Aa0a0N
Aa.0A0	Aa0a0	Aa0a0N
Aa.0A0	Aa0a0	N
Aa.0A0	Aa0a0	Aa0a0N
Aa.0A0	Aa0a0	N
Aa.0A0	Aa0a0	N
Aa.0A0		Aa0a0N
Aa.0A0	Aa0a0	Aa0a0N
Aa.0A0	Aa0a0	Aa0a0N
Aa.0A0	Aa0a0	Aa0a0N
Aa.0A0	Aa0a0	Aa0a0N
Aa.0A0	Aa0a0	N
Aa.0A0	Aa0a0	N
Aa.0A0	Aa0a0	Aa0a0N
Aa.0A0	Aa0a0	Aa0a0N
Aa.0A0	Aa0a0	N
Aa.0A0	Aa0a0	N
Aa.0A0	Aa0a0	Aa0a0N
Aa.0A0	Aa0a0	Aa0a0N
Aa.0A0		Aa0a0N
Aa.0A0	Aa0a0	Aa0a0N
Aa.0A0		Aa0a0N
Aa.0A0		Aa0a0N
Aa.0A0	Aa0a0	N
Aa.0A0		Aa0a0N
Aa.0A0	Aa0a0	N
Aa.0A0	Aa0a0	N
Aa.0A0	Aa0a0	N
Aa.0A0	Aa0a0	N
Aa.0A0		Aa0a0N
Aa.0A0		Aa0a0N
Aa.0A0	Aa0a0	N
Aa.0A0	Aa0a0	Aa0a0N
Aa.0A0	Aa0a0	Aa0a0N
Aa.0A0	Aa0a0	Aa0a0N
Aa.0A0	Aa0a0	N
Aa.0A0	Aa0a0	N
Aa.0A0	Aa0a0	N
Aa.0A0	Aa0a0	N
Aa.0A0	Aa0a0	Aa0a0N
Aa.0A0	Aa0a0	N
Aa.0A0	Aa0a0	N
Aa.0A0	Aa0a0	N
Aa.0A0	Aa0a0	N
Aa.0A0	Aa0a0	N
Aa.0A0	Aa0a0	N
Aa.0A0	Aa0a0	N
Aa.0A0	Aa0a0	N
Aa.0A0	Aa0a0	Aa0a0N
Aa.0A0	Aa0a0	Aa0a0N
Aa.0A0	Aa0a0	N
Aa.0A0	Aa0a0	Aa0a0N
Aa.0A0	Aa0a0	Aa0a0N
Aa.0A0	Aa0a0	Aa0a0N
Aa.0A0	Aa0a0	Aa0a0N
Aa.0A0	Aa0a0	Aa0a0N
Aa.0A0	Aa0a0	N
Aa.0A0	Aa0a0	N
Aa.0A0	Aa0a0	Aa0a0N
Aa.0A0	Aa0a0	N
Aa.0A0	Aa0a0	N
Aa.0A0	Aa0a0	N
Aa.0A0	Aa0a0	N
Aa.0A0	Aa0a0	Aa0a0N
Aa.0A0	Aa0a0	N
Aa.0A0	Aa0a0	N
Aa.0A0	Aa0a0	Aa0a0N
Aa.0A0	Aa0a0	Aa0a0N
Aa.0A0	Aa0a0	Aa0a0N
Aa.0A0	Aa0a0	N
Aa.0A0	Aa0a0	N
Aa.0A0	Aa0a0	Aa0a0N
Aa.0A0	Aa0a0	N
Aa.0A0	Aa0a0	N
Aa.0A0	Aa0a0	Aa0a0N
Aa.0A0	Aa0a0	Aa0a0N
Aa.0A0	Aa0a0	Aa0a0N
Aa.0A0	Aa0a0	N
Aa.0A0	Aa0a0	Aa0a0N
Aa.0A0	Aa0a0	Aa0a0N
Aa.0A0	Aa0a0	Aa0a0N
Aa.0A0	Aa0a0	N
Aa.0A0	Aa0a0	Aa0a0N
Aa.0A0	Aa0a0	Aa0a0N
Aa.0A0	Aa0a0	Aa0a0N
Aa.0A0	Aa0a0	N
Aa.0A0	Aa0a0	N
Aa.0A0	Aa0a0	N
Aa.0A0	Aa0a0	N
Aa.0A0	Aa0a0	N
Aa.0A0		Aa0a0N
Aa.0A0	Aa0a0	Aa0a0N
Aa.0A0		Aa0a0N
Aa.0A0	Aa0a0	Aa0a0N
Aa.0A0	Aa0a0	Aa0a0N
Aa.0A0		Aa0a0N
Aa.0A0	Aa0a0	Aa0a0N
Aa.0A0	Aa0a0	Aa0a0N
Aa.0A0	Aa0a0	N
Aa.0A0		Aa0a0N
Aa.A0		Aa0a0N
