Aa.Aa.aAa	a_a_0_0_a_a_a.a#a0a0a0a0a0a0a0N
Aa.Aa.aAa	a_a_0_0_a_a_a.a#a0a0a0a0a0a0N
Aa.Aa.aAa	a_a_0_0_a_a_a.a#a0a0a0a0a0a0a0aN
Aa.Aa.aAaAa	a_a_0_0_a_a_a.a#a0a0a0a0a0a0a0a0a0N
Aa.Aa.aAaAa	a_a_0_0_a_a_a.a#a0a0a0a0a0a0a0a0a0aN
Aa.Aa.aAaAa	a_a_0_0_a_a_a.a#a0a0a0a0a0a0a0a0aN
Aa.Aa.aAa	a_a_0_0_a_a_a.a#a0a0a0a0a0a0a0a0a0a0aN
Aa.Aa.aAa	a_a_0_0_a_a_a.a#a0a0a0a0a0a0a0N
Aa.Aa.aAaAa	a_a_0_0_a_a_a.a#a0a0a0a0a0a0N
Aa.Aa.aAaAa	a_a_0_0_a_a_a.a#a0a0a0a0N
Aa.Aa.aAaAaAa	a_a_0_0_a_a_a.a#a0a0a0a0a0a0aN
Aa.Aa.AaAa	a_a_0_0_a_a_a.a#a0a0a0a0a0a0a0a0N
Aa.AaAaAa.aAa	a_a_0_0_a_a_a_a_a.a#a0a0a0a0a0a0a0a0N
Aa.AaAa.aAa0	a_a_0_0_a_a.a#a0a0a0a0a0a0a0a0a0aN
Aa.AaAa.aAa0	a_a_0_0_a_a.a#a0a0a0a0a0a0a0N
Aa.AaAa.aAa	a_a_0_0_a_a.a#a0a0a0a0a0a0a0a0a0aN
Aa.A.Aa.Aa.a	a_a_0_0_a_a_a_0_0_a_0_0_a.a#a0a0a0a0a0a0a0a0a0a0a0aN
Aa.A.Aa.Aa.a	a_a_0_0_a_a_a_0_0_a_0_0_a.a#a0a0a0a0a0a0a0a0a0N
Aa.A.Aa.Aa.a	a_a_0_0_a_a_a_0_0_a_0_0_a.a#a0a0a0a0a0a0aN
Aa.A.Aa.Aa.a	a_a_0_0_a_a_a_0_0_a_0_0_a.a#a0a0a0a0a0a0a0aN
Aa.A.Aa.Aa.a	a_a_0_0_a_a_a_0_0_a_0_0_a.a#a0a0a0a0a0a0a0N
Aa.A.Aa.Aa.aAaAa	a_a_0_0_a_a_a_0_0_a_0_0_a.a#a0a0a0a0a0a0N
Aa.A.Aa.Aa.aAa	a_a_0_0_a_a_a_0_0_a_0_0_a.a#a0a0a0a0a0a0N
Aa.A.Aa.Aa.aAaAa	a_a_0_0_a_a_a_0_0_a_0_0_a.a#a0a0a0a0a0a0a0a0a0N
Aa.A.Aa.Aa.aAa	a_a_0_0_a_a_a_0_0_a_0_0_a.a#a0a0a0a0a0a0N
Aa.A.Aa.Aa.aAa	a_a_0_0_a_a_a_0_0_a_0_0_a.a#a0a0a0a0a0a0a0a0a0a0aN
Aa.A.Aa.Aa.aAa	a_a_0_0_a_a_a_0_0_a_0_0_a.a#a0a0a0a0a0a0N
Aa.A.Aa.Aa.aAa	a_a_0_0_a_a_a_0_0_a_0_0_a.a#a0a0a0a0a0a0a0a0a0N
Aa.A.Aa.Aa.aAa	a_a_0_0_a_a_a_0_0_a_0_0_a.a#a0a0a0a0a0a0a0a0N
Aa.A.Aa.Aa.aAaAaAaAaAa	a_a_0_0_a_a_a_0_0_a_0_0_a.a#a0a0a0a0a0a0a0a0a0N
Aa.A.Aa.Aa.aAa	a_a_0_0_a_a_a_0_0_a_0_0_a.a#a0a0a0a0a0a0a0N
Aa.A.Aa.Aa.AaAaAa	a_a_0_0_a_a_a_0_0_a_0_0_a.a#a0a0a0a0a0a0a0a0a0N
Aa.A.Aa.Aa.aAa	a_a_0_0_a_a_a_0_0_a_0_0_a.a#a0a0a0a0a0a0a0a0a0a0N
Aa.A.Aa.Aa.a	a_a_0_0_a_a_a_0_0_a_0_0_a.a#a0a0a0a0a0a0a0a0a0N
Aa.A.Aa.Aa.a	a_a_0_0_a_a_a_0_0_a_0_0_a.a#a0a0a0a0a0a0a0N
Aa.A.Aa.Aa.aAa	a_a_0_0_a_a_a_0_0_a_0_0_a.a#a0a0a0a0a0a0a0a0a0a0a0a0N
Aa.A.Aa.Aa.aAa	a_a_0_0_a_a_a_0_0_a_0_0_a.a#a0a0a0a0a0a0aN
Aa.A.Aa.Aa.aAa	a_a_0_0_a_a_a_0_0_a_0_0_a.a#a0a0a0a0a0a0a0a0aN
Aa.A.Aa.Aa.aAa	a_a_0_0_a_a_a_0_0_a_0_0_a.a#a0a0a0a0a0a0a0N
Aa.A.Aa.Aa.a	a_a_0_0_a_a_a_0_0_a_0_0_a.a#a0a0a0a0a0a0a0a0a0N
Aa.A.Aa.Aa.aAaAa	a_a_0_0_a_a_a_0_0_a_0_0_a.a#a0a0a0a0a0a0a0a0a0N
Aa.A.Aa.Aa.aAaAa	a_a_0_0_a_a_a_0_0_a_0_0_a.a#a0a0a0a0a0a0a0a0N
Aa.A.Aa.Aa.aAaAa	a_a_0_0_a_a_a_0_0_a_0_0_a.a#a0a0a0a0a0a0a0a0a0a0a0N
Aa.A.Aa.Aa.a	a_a_0_0_a_a_a_0_0_a_0_0_a.a#a0a0a0a0a0a0a0a0a0N
Aa.A.Aa.Aa.aAa	a_a_0_0_a_a_a_0_0_a_0_0_a.a#a0a0a0a0a0a0a0a0a0a0aN
Aa.A.Aa.Aa.aAaAa	a_a_0_0_a_a_a_0_0_a_0_0_a.a#a0a0a0a0a0a0a0a0a0aN
Aa.A.Aa.Aa.AaAa	a_a_0_0_a_a_a_0_0_a_0_0_a.a#a0a0a0a0a0N
Aa.Aa.aAa	a_a_0_0_a_a_a.a#a0a0a0a0a0a0a0a0N
Aa.Aa.aAa	a_a_0_0_a_a_a.a#a0a0a0a0a0a0a0aN
Aa.Aa.aAa	a_a_0_0_a_a_a.a#a0a0a0a0a0a0a0a0a0N
Aa.Aa.a	a_a_0_0_a_a_a.a#a0a0a0a0a0a0aN
Aa.Aa.aAa	a_a_0_0_a_a_a.a#a0a0a0a0a0a0a0aN
Aa.Aa.a	a_a_0_0_a_a_a.a#a0a0a0a0a0a0a0a0a0N
Aa.Aa.aAa	a_a_0_0_a_a_a.a#a0a0a0a0a0a0a0a0aN
Aa.Aa.aAa	a_a_0_0_a_a_a.a#a0a0a0a0a0a0a0a0N
Aa.Aa.a	a_a_0_0_a_a_a.a#a0a0a0a0a0a0a0a0a0N
Aa.Aa.a	a_a_0_0_a_a_a.a#a0a0a0a0a0a0a0aN
Aa.Aa.aAa	a_a_0_0_a_a_a.a#a0a0a0a0a0a0N
Aa.Aa.aAa	a_a_0_0_a_a_a.a#a0a0a0a0a0a0a0a0N
Aa.Aa.aAa	a_a_0_0_a_a_a.a#a0a0a0a0a0a0a0a0N
Aa.Aa.aAaAa	a_a_0_0_a_a_a.a#a0a0a0a0a0a0a0a0N
Aa.Aa.aAaAa	a_a_0_0_a_a_a.a#a0a0a0a0a0a0a0a0a0a0N
Aa.Aa.aAaAa	a_a_0_0_a_a_a.a#a0a0a0a0a0a0a0a0N
Aa.Aa.aAa	a_a_0_0_a_a_a.a#a0a0a0a0a0a0a0a0N
Aa.Aa.a	a_a_0_0_a_a_a.a#a0a0a0a0a0a0a0a0aN
Aa.Aa.aAaAa	a_a_0_0_a_a_a.a#a0a0a0a0a0aN
Aa.Aa.aAaAa	a_a_0_0_a_a_a.a#a0a0a0a0a0a0a0aN
Aa.Aa.aAa	a_a_0_0_a_a_a.a#a0a0a0a0a0a0a0a0N
Aa.Aa.aAa	a_a_0_0_a_a_a.a#a0a0a0a0a0a0a0aN
Aa.Aa.aAa0	a_a_0_0_a_a_a.a#a0a0a0a0a0a0a0a0N
Aa.Aa.aAa0	a_a_0_0_a_a_a.a#a0a0a0a0a0a0a0a0N
Aa.Aa.a	a_a_0_0_a_a_a.a#a0a0a0a0a0a0N
Aa.Aa.a0A	a_a_0_0_a_a_a.a#a0a0a0a0a0a0a0a0a0N
Aa.Aa.aAa	a_a_0_0_a_a_a.a#a0a0a0a0a0a0a0N
Aa.Aa.a	a_a_0_0_a_a_a.a#a0a0a0a0a0a0a0a0aN
Aa.Aa.aAa	a_a_0_0_a_a_a.a#a0a0a0a0a0a0a0aN
Aa.Aa.aAa	a_a_0_0_a_a_a.a#a0a0a0a0a0a0a0a0a0N
Aa.Aa.a	a_a_0_0_a_a_a.a#a0a0a0a0a0a0a0a0a0aN
Aa.Aa.a0A	a_a_0_0_a_a_a.a#a0a0a0a0a0a0a0aN
Aa.Aa.aAa	a_a_0_0_a_a_a.a#a0a0a0a0a0a0a0a0a0N
Aa.Aa.aAaAaAa	a_a_0_0_a_a_a.a#a0a0a0a0a0a0a0a0aN
Aa.Aa.AaAaAa	a_a_0_0_a_a_a.a#a0a0a0a0a0a0a0a0aN
Aa.AaAa.a	a_a_0_0_a_a_a_a.a#a0a0a0a0a0a0a0a0N
Aa.AaAa.a	a_a_0_0_a_a_a_a.a#a0a0a0a0a0a0a0a0a0a0aN
Aa.Aa.aAa	a_a_0_0_a_a_a.a#a0a0a0a0a0a0a0a0N
Aa.Aa.aAa	a_a_0_0_a_a_a.a#a0a0a0a0a0a0a0aN
Aa.Aa.aAa	a_a_0_0_a_a_a.a#a0a0a0a0a0a0a0a0a0N
Aa.Aa.aAaAa	a_a_0_0_a_a_a.a#a0a0a0a0a0a0a0a0aN
Aa.Aa.a	a_a_0_0_a_a_a.a#a0a0a0a0a0a0a0a0a0N
Aa.Aa.aAa	a_a_0_0_a_a_a.a#a0a0a0a0a0a0N
Aa.Aa.aAa	a_a_0_0_a_a_a.a#a0a0a0a0a0a0a0a0N
Aa.Aa.a	a_a_0_0_a_a_a.a#a0a0a0a0a0a0a0a0a0N
Aa.Aa.aAaAaAa	a_a_0_0_a_a_a.a#a0a0a0a0a0a0a0aN
Aa.Aa.aAa	a_a_0_0_a_a_a.a#a0a0a0a0a0a0a0a0N
Aa.Aa.aAa	a_a_0_0_a_a_a.a#a0a0a0a0a0a0a0a0N
Aa.Aa.aAaAa	a_a_0_0_a_a_a.a#a0a0a0a0a0a0a0a0N
Aa.Aa.a	a_a_0_0_a_a_a.a#a0a0a0a0a0a0N
Aa.Aa.aAa	a_a_0_0_a_a_a.a#a0a0a0a0a0a0a0a0N
Aa.Aa.a	a_a_0_0_a_a_a.a#a0a0a0a0a0a0a0aN
Aa.Aa.aAaAaAa	a_a_0_0_a_a_a.a#a0a0a0a0a0a0a0a0a0aN
Aa.Aa.aAaAa	a_a_0_0_a_a_a.a#a0a0a0a0a0a0a0a0a0N
Aa.Aa.aAaAa	a_a_0_0_a_a_a.a#a0a0a0a0a0a0a0a0a0N
Aa.Aa.a	a_a_0_0_a_a_a.a#a0a0a0a0a0a0a0a0aN
Aa.Aa.a	a_a_0_0_a_a_a.a#a0a0a0a0a0a0a0a0a0aN
Aa.Aa.aAa0	a_a_0_0_a_a_a.a#a0a0a0a0a0a0a0aN
Aa.Aa.aAa0	a_a_0_0_a_a_a.a#a0a0a0a0a0a0a0a0a0aN
Aa.Aa.aAa	a_a_0_0_a_a_a.a#a0a0a0a0a0a0a0aN
Aa.Aa.aAa	a_a_0_0_a_a_a.a#a0a0a0a0a0a0a0a0a0N
Aa.Aa.aAaAa	a_a_0_0_a_a_a.a#a0a0a0a0a0a0a0a0N
Aa.Aa.aAa	a_a_0_0_a_a_a.a#a0a0a0a0a0a0a0a0N
Aa.Aa.aAaAa	a_a_0_0_a_a_a.a#a0a0a0a0a0a0a0a0aN
Aa.Aa.aAaAa	a_a_0_0_a_a_a.a#a0a0a0a0a0a0a0a0aN
Aa.Aa.aAaAa	a_a_0_0_a_a_a.a#a0a0a0a0a0a0a0a0aN
Aa.Aa.aAa	a_a_0_0_a_a_a.a#a0a0a0a0a0a0a0a0aN
Aa.Aa.aAaAaAa	a_a_0_0_a_a_a.a#a0a0a0a0a0a0a0a0aN
Aa.Aa.aAa	a_a_0_0_a_a_a.a#a0a0a0a0a0a0a0a0N
Aa.Aa.aAa	a_a_0_0_a_a_a.a#a0a0a0a0a0a0aN
Aa.Aa.aAaAaAaAa	a_a_0_0_a_a_a.a#a0a0a0a0a0a0a0a0N
Aa.Aa.aAaAaAa	a_a_0_0_a_a_a.a#a0a0a0a0a0a0a0a0N
Aa.Aa.a	a_a_0_0_a_a_a.a#a0a0a0a0a0a0N
Aa.Aa.a	a_a_0_0_a_a_a.a#a0a0a0a0a0a0aN
Aa.Aa.aAa	a_a_0_0_a_a_a.a#a0a0a0a0a0a0a0aN
Aa.AaAa.a	a_a_0_0_a_a.a#a0a0a0a0a0a0a0a0a0N
Aa.AaAa.aAa	a_a_0_0_a_a.a#a0a0a0a0a0a0a0aN
Aa.AaAa.a	a_a_0_0_a_a.a#a0a0a0a0a0a0a0a0aN
Aa.AaAa.aAa	a_a_0_0_a_a.a#a0a0a0a0a0a0a0a0a0a0N
Aa.AaAa.aAa	a_a_0_0_a_a.a#a0a0a0a0a0a0a0aN
Aa.AaAa.a	a_a_0_0_a_a.a#a0a0a0a0a0a0a0a0a0a0a0N
Aa.AaAa.aAa	a_a_0_0_a_a.a#a0a0a0a0a0a0a0a0a0a0a0N
Aa.AaAa.aAa	a_a_0_0_a_a.a#a0a0a0a0a0a0a0aN
Aa.AaAa.a	a_a_0_0_a_a.a#a0a0a0a0a0a0a0a0N
Aa.AaAa.aAa	a_a_0_0_a_a.a#a0a0a0a0a0a0a0a0N
Aa.AaAa.aAa	a_a_0_0_a_a.a#a0a0a0a0a0a0a0a0a0N
Aa.AaAa.a	a_a_0_0_a_a.a#a0a0a0a0a0a0a0a0a0a0a0N
Aa.Aa.AaAaAa.a	a_a_0_0_a_0_0_a_a_a.a#a0a0a0a0a0a0a0aN
Aa.Aa.AaAaAa.a	a_a_0_0_a_0_0_a_a_a.a#a0a0a0a0a0a0N
Aa.Aa.Aa.a	a_a_0_0_a_0_0_a_a_a_a.a#a0a0a0a0a0a0a0a0a0N
Aa.Aa.Aa.a	a_a_0_0_a_0_0_a_a_a_a.a#a0a0a0a0a0a0a0a0a0a0a0N
Aa.Aa.Aa.aAa	a_a_0_0_a_0_0_a_a_a_a.a#a0a0a0a0a0a0a0a0a0N
Aa.Aa.Aa.a	a_a_0_0_a_0_0_a_a_a_a.a#a0a0a0a0a0a0a0a0a0a0N
Aa.Aa.Aa.aAaAa	a_a_0_0_a_0_0_a_a_a_a.a#a0a0a0a0a0a0a0a0a0aN
Aa.Aa.Aa.aAa	a_a_0_0_a_0_0_a_a_a_a.a#a0a0a0a0a0a0a0a0aN
Aa.Aa.AaAa.AaAaAaAa	a_a_0_0_a_0_0_a_a.a#a0a0a0a0a0a0a0a0aN
Aa.Aa.AaAa.aAa	a_a_0_0_a_0_0_a_a.a#a0a0a0a0a0a0a0a0a0a0aN
Aa.Aa.AaAa.a	a_a_0_0_a_0_0_a_a.a#a0a0a0a0a0a0a0a0N
Aa.Aa.Aa0Aa.a	a_a_0_0_a_0_0_a0_a_a.a#a0a0a0a0a0a0a0a0a0aN
Aa.AaAa._AaAa	a_a_0_0_a_a.a#a0a0a0a0a0a0a0N
Aa.AaAa._AaAa	a_a_0_0_a_a.a#a0a0a0a0a0a0aN
Aa.AaAa._AaAaAa	a_a_0_0_a_a.a#a0a0a0a0a0a0a0a0a0a0N
Aa.AaAa._AaAaAa	a_a_0_0_a_a.a#a0a0a0a0a0a0a0a0a0a0N
Aa.AaAa._AaAaAa	a_a_0_0_a_a.a#a0a0a0a0a0a0a0a0a0N
Aa.AaAa._AaAa	a_a_0_0_a_a.a#a0a0a0a0a0a0a0a0N
Aa.AaAa._AaAa	a_a_0_0_a_a.a#a0a0a0a0a0a0a0a0a0aN
Aa.AaAa.AaAa	a_a_0_0_a_a.a#a0a0a0a0a0a0a0N
Aa.AaAa.AaAaAa	a_a_0_0_a_a.a#a0a0a0a0a0a0a0a0aN
Aa.AaAa.AaAaAa	a_a_0_0_a_a.a#a0a0a0a0a0a0aN
Aa.AaAa.AaAaAa	a_a_0_0_a_a.a#a0a0a0a0a0a0a0N
Aa.AaAa.AaAa	a_a_0_0_a_a.a#a0a0a0a0a0a0a0aN
Aa.AaAa.AaAa	a_a_0_0_a_a.a#a0a0a0a0a0a0a0a0a0N
Aa.AaAa.AaAa	a_a_0_0_a_a.a#a0a0a0a0a0a0a0a0a0N
Aa.AaAa.aAa	a_a_0_0_a_a.a#a0a0a0a0a0a0a0N
Aa.AaAa.a_aAa	a_a_0_0_a_a.a#a0a0a0a0a0a0a0a0a0N
Aa.AaAa.a_aAa	a_a_0_0_a_a.a#a0a0a0a0a0a0N
Aa.AaAa.a	a_a_0_0_a_a.a#a0a0a0a0a0a0a0a0N
Aa.AaAa.aAa	a_a_0_0_a_a.a#a0a0a0a0a0a0a0a0a0a0aN
Aa.AaAa.aAaAa	a_a_0_0_a_a.a#a0a0a0a0a0a0a0a0a0N
Aa.AaAa.aAa	a_a_0_0_a_a.a#a0a0a0a0a0a0a0N
Aa.AaAa.a	a_a_0_0_a_a.a#a0a0a0a0a0a0a0a0a0a0N
Aa.AaAa.aAa	a_a_0_0_a_a.a#a0a0a0a0a0a0a0a0a0a0aN
Aa.AaAa.aAaAa	a_a_0_0_a_a.a#a0a0a0a0a0a0a0a0aN
Aa.AaAa.a	a_a_0_0_a_a.a#a0a0a0a0a0a0a0a0a0a0aN
Aa.AaAa.aA	a_a_0_0_a_a.a#a0a0a0a0a0a0a0a0a0N
Aa.AaAa.aAa	a_a_0_0_a_a.a#a0a0a0a0a0a0a0a0aN
Aa.AaAa.aAaAa	a_a_0_0_a_a.a#a0a0a0a0a0a0a0a0N
Aa.AaAa.aAaAa	a_a_0_0_a_a.a#a0a0a0a0a0a0a0N
Aa.AaAa.aAaAa	a_a_0_0_a_a.a#a0a0a0a0a0aN
Aa.AaAa.aAa	a_a_0_0_a_a.a#a0a0a0a0a0a0N
Aa.AaAa.aAa	a_a_0_0_a_a.a#a0a0a0a0a0a0a0a0a0N
Aa.AaAa.aAa	a_a_0_0_a_a.a#a0a0a0a0a0a0a0a0a0a0N
Aa.AaAa.aAa	a_a_0_0_a_a.a#a0a0a0a0a0aN
Aa.AaAa.aAa	a_a_0_0_a_a.a#a0a0a0a0a0a0N
Aa.AaAa.a	a_a_0_0_a_a.a#a0a0a0a0a0a0a0a0a0N
Aa.AaAa.aAa	a_a_0_0_a_a.a#a0a0a0a0a0a0a0a0a0a0N
Aa.AaAa.aAa	a_a_0_0_a_a.a#a0a0a0a0a0a0N
Aa.AaAa.aAaAa	a_a_0_0_a_a.a#a0a0a0a0a0a0a0a0N
Aa.AaAa.a	a_a_0_0_a_a.a#a0a0a0a0a0a0a0aN
Aa.AaAa.aAaAaAa	a_a_0_0_a_a.a#a0a0a0a0a0a0a0a0a0a0N
Aa.AaAa.aAa	a_a_0_0_a_a.a#a0a0a0a0a0a0N
Aa.AaAa.a	a_a_0_0_a_a.a#a0a0a0a0a0a0a0a0a0a0a0N
Aa.AaAa.aAa	a_a_0_0_a_a.a#a0a0a0a0a0a0a0a0N
Aa.AaAa.aAa	a_a_0_0_a_a.a#a0a0a0a0a0a0N
Aa.AaAa.aAa	a_a_0_0_a_a.a#a0a0a0a0a0a0a0a0a0N
Aa.AaAa.aAaAa	a_a_0_0_a_a.a#a0a0a0a0a0a0a0a0aN
Aa.AaAa.aAaAa	a_a_0_0_a_a.a#a0a0a0a0a0a0a0a0N
Aa.AaAa.aAa	a_a_0_0_a_a.a#a0a0a0a0a0a0a0aN
Aa.AaAa.aAaAa	a_a_0_0_a_a.a#a0a0a0a0a0a0a0a0a0N
Aa.AaAa.aAaAa	a_a_0_0_a_a.a#a0a0a0a0a0a0a0aN
Aa.AaAa.aAa	a_a_0_0_a_a.a#a0a0a0a0a0a0a0a0N
Aa.AaAa.aAaAa	a_a_0_0_a_a.a#a0a0a0a0a0a0a0a0aN
Aa.AaAa.aAaAa	a_a_0_0_a_a.a#a0a0a0a0a0a0aN
Aa.AaAa.aAa	a_a_0_0_a_a.a#a0a0a0a0a0a0a0a0a0a0N
Aa.AaAa.a	a_a_0_0_a_a.a#a0a0a0a0a0a0a0aN
Aa.AaAa.a	a_a_0_0_a_a.a#a0a0a0a0a0a0a0a0N
AaAa.aAaAa	a_a_a.a#a0a0a0a0a0a0N
AaAa.aAaAa	a_a_a.a#a0a0a0a0a0a0a0a0a0N
AaAa.aAa	a_a_a.a#a0a0a0a0a0a0a0aN
AaAa.aAa	a_a_a.a#a0a0a0a0a0a0a0N
AaAa.aAa	a_a_a.a#a0a0a0a0a0a0a0N
AaAa.aAaAaAa	a_a_a.a#a0a0a0a0a0a0a0N
AaAa.aAaAa	a_a_a.a#a0a0a0a0a0aN
AaAa.aAaAaAa	a_a_a.a#a0a0a0a0a0a0a0a0a0N
AaAa.aAaAa	a_a_a.a#a0a0a0a0a0a0a0a0aN
AaAa.aAaAaAa	a_a_a.a#a0a0a0a0a0a0a0N
AaAa.aAaAa	a_a_a.a#a0a0a0a0a0a0a0a0a0a0a0N
AaAa.aAaAaAa	a_a_a.a#a0a0a0a0a0a0a0N
AaAa.aAa	a_a_a.a#a0a0a0a0a0a0a0a0a0N
AaAa.aAaAa	a_a_a.a#a0a0a0a0a0a0a0a0N
AaAa.aAa	a_a_a.a#a0a0a0a0a0a0a0a0aN
AaAa.a	a_a_a.a#a0a0a0a0a0a0a0a0N
AaAa.aAa	a_a_a.a#a0a0a0a0a0a0N
AaAa.aAa	a_a_a.a#a0a0a0a0a0a0a0a0a0a0N
AaAa.aAaAa	a_a_a.a#a0a0a0a0a0a0a0a0N
AaAa.aAaAa	a_a_a.a#a0a0a0a0a0a0aN
AaAa.aAaAaAa	a_a_a.a#a0a0a0a0a0a0a0a0a0N
AaAa.aAa	a_a_a.a#a0a0a0a0a0a0a0a0aN
AaAa.aAaAa	a_a_a.a#a0a0a0a0a0a0a0a0a0a0aN
AaAa.aAaA	a_a_a.a#a0a0a0a0a0a0a0a0a0N
AaAa.aAaAaAa	a_a_a.a#a0a0a0a0a0a0a0a0aN
AaAa.AaAaAa	a_a_a.a#a0a0a0a0a0a0a0N
AaAa.AaAaAaAa	a_a_a.a#a0a0a0a0a0a0a0N
AaAa.AaAaAaAa	a_a_a.a#a0a0a0a0a0a0a0a0aN
AaAa.AaAaAaAa	a_a_a.a#a0a0a0a0a0a0N
AaAa.AaAaAaAa	a_a_a.a#a0a0a0a0a0a0a0a0a0aN
AaAa.AaAaAa	a_a_a.a#a0a0a0a0a0a0a0a0a0a0a0aN
AaAa.AaAaAa	a_a_a.a#a0a0a0a0a0a0a0a0a0a0N
AaAa.AaAaAaAa	a_a_a.a#a0a0a0a0a0a0a0a0aN
AaAa.AaAaAa	a_a_a.a#a0a0a0a0a0a0a0a0a0a0N
AaAa.Aa0Aa	a_a_a.a#a0a0a0a0a0a0N
AaAa.AaAaAaAaAa	a_a_a.a#a0a0a0a0a0a0a0a0a0a0a0aN
AaAa.AaAaAaAaAa0	a_a_a.a#a0a0a0a0a0a0a0a0N
AaAa.a	a_a_a.a#a0a0a0a0a0a0a0a0aN
AaAa.Aa	a_a_a.a#a0a0a0a0a0a0a0a0N
AaAa.Aa	a_a_a.a#a0a0a0a0a0a0a0a0aN
AaAa.Aa	a_a_a.a#a0a0a0a0a0a0a0N
AaAa.a	a_a_a.a#a0a0a0a0a0a0a0a0a0N
AaAa.aAa	a_a_a.a#a0a0a0a0a0a0a0a0N
AaAa.aAa	a_a_a.a#a0a0a0a0a0a0a0a0N
AaAa.aAa	a_a_a.a#a0a0a0a0a0a0a0a0aN
AaAa.a	a_a_a.a#a0a0a0a0a0a0a0a0a0N
AaAa.aAaAaAa	a_a_a.a#a0a0a0a0a0a0a0aN
AaAa.aAa	a_a_a.a#a0a0a0a0a0a0a0a0aN
AaAa.aAaAaAaAa	a_a_a.a#a0a0a0a0a0a0a0a0aN
AaAa.aAaAa	a_a_a.a#a0a0a0a0a0a0a0a0aN
AaAa.aAaAa	a_a_a.a#a0a0a0a0a0a0N
AaAa.aAaAaA	a_a_a.a#a0a0a0a0a0a0a0a0aN
AaAa.aAa	a_a_a.a#a0a0a0a0a0a0a0aN
AaAa.aAaAa	a_a_a.a#a0a0a0a0a0a0a0a0N
AaAa.aAa	a_a_a.a#a0a0a0a0a0a0a0aN
AaAa.aAa	a_a_a.a#a0a0a0a0a0a0a0aN
AaAa.aAaAa	a_a_a.a#a0a0a0a0a0a0a0a0a0N
AaAa.AaAa	a_a_a.a#a0a0a0a0a0a0a0a0N
AaAa.aAaAaAa	a_a_a.a#a0a0a0a0a0a0a0N
Aa.AaAaAa.aAa	a_a_0_0_a_a_a.a#a0a0a0a0a0a0a0a0aN
Aa.AaAaAa.aAaAa	a_a_0_0_a_a_a.a#a0a0a0a0a0aN
Aa.AaAaAa.aAaAa	a_a_0_0_a_a_a.a#a0a0a0a0a0a0a0a0a0a0aN
Aa.AaAaAa.aAaAa	a_a_0_0_a_a_a.a#a0a0a0a0a0a0a0a0a0a0a0N
Aa.AaAaAa.aAaAaAa	a_a_0_0_a_a_a.a#a0a0a0a0a0a0N
Aa.AaAaAa.aAaAa	a_a_0_0_a_a_a.a#a0a0a0a0a0a0a0a0N
Aa.AaAaAa.aAa	a_a_0_0_a_a_a.a#a0a0a0a0a0a0aN
Aa.AaAaAa.aAaAaAa	a_a_0_0_a_a_a.a#a0a0a0a0a0a0aN
Aa.AaAaAa.aAaAaAaAa	a_a_0_0_a_a_a.a#a0a0a0a0a0a0a0a0aN
Aa.AaAaAa.aAaAa	a_a_0_0_a_a_a.a#a0a0a0a0a0a0a0a0a0a0N
Aa.AaAaAa.aAaAaAa	a_a_0_0_a_a_a.a#a0a0a0a0a0a0N
Aa.AaAaAa.aAaAaAa	a_a_0_0_a_a_a.a#a0a0a0a0a0a0a0a0N
Aa.AaAaAa.aAaAa	a_a_0_0_a_a_a.a#a0a0a0a0a0a0a0a0a0N
Aa.AaAaAa.aAa	a_a_0_0_a_a_a.a#a0a0a0a0a0a0a0a0aN
Aa.AaAaAa.aAa	a_a_0_0_a_a_a.a#a0a0a0a0a0a0a0N
Aa.AaAaAa.aAaAa	a_a_0_0_a_a_a.a#a0a0a0a0a0a0a0a0a0N
Aa.AaAaAa.a0AaAa	a_a_0_0_a_a_a.a#a0a0a0a0a0a0a0a0aN
Aa.AaAaAa.a0AaAa	a_a_0_0_a_a_a.a#a0a0a0a0a0aN
Aa.AaAaAa.a0AaAa	a_a_0_0_a_a_a.a#a0a0a0a0a0a0a0a0a0a0aN
Aa.AaAaAa.a0AaAa	a_a_0_0_a_a_a.a#a0a0a0a0a0a0a0a0a0a0N
Aa.AaAaAa.aAaAa	a_a_0_0_a_a_a.a#a0a0a0a0a0aN
Aa.AaAaAa.aAaAa	a_a_0_0_a_a_a.a#a0a0a0a0a0a0a0a0a0aN
Aa.AaAaAa.aAa	a_a_0_0_a_a_a.a#a0a0a0a0a0a0a0N
Aa.AaAaAa.aAa	a_a_0_0_a_a_a.a#a0a0a0a0a0a0a0a0N
Aa.AaAaAa.aAa	a_a_0_0_a_a_a.a#a0a0a0a0a0a0N
Aa.AaAaAa.aAa	a_a_0_0_a_a_a.a#a0a0a0a0a0a0a0a0a0a0N
Aa.AaAaAa.a	a_a_0_0_a_a_a.a#a0a0a0a0a0a0N
Aa.AaAaAa.aAa	a_a_0_0_a_a_a.a#a0a0a0a0a0a0a0N
Aa.AaAaAa.aAaAa	a_a_0_0_a_a_a.a#a0a0a0a0a0a0a0a0a0a0N
Aa.AaAaAa.aAa	a_a_0_0_a_a_a.a#a0a0a0a0a0N
Aa.AaAa.a	a_a_0_0_a_a.a#a0a0a0a0a0a0a0a0a0a0aN
Aa.AaAa.aAa	a_a_0_0_a_a.a#a0a0a0a0a0a0a0N
Aa.AaAa.aAaAa	a_a_0_0_a_a.a#a0a0a0a0a0a0a0a0N
Aa.AaAa.aAa	a_a_0_0_a_a.a#a0a0a0a0a0a0a0N
Aa.Aa.AaAa.aAa	a_a_0_0_a_0_0_a_a.a#a0a0a0a0N
Aa.Aa.AaAa.a	a_a_0_0_a_0_0_a_a.a#a0a0a0a0a0a0a0a0N
Aa.Aa.AaAa.a	a_a_0_0_a_0_0_a_a.a#a0a0a0a0a0a0a0a0a0N
Aa.Aa.AaAa.a	a_a_0_0_a_0_0_a_a.a#a0a0a0a0a0a0a0a0N
Aa.Aa.AaAa.aAaAaAa	a_a_0_0_a_0_0_a_a.a#a0a0a0a0a0a0a0aN
Aa.Aa.AaAa.aAaAa	a_a_0_0_a_0_0_a_a.a#a0a0a0a0a0a0a0a0aN
Aa.Aa.AaAa.a	a_a_0_0_a_0_0_a_a.a#a0a0a0a0a0a0a0a0N
Aa.Aa.AaAa.aAa	a_a_0_0_a_0_0_a_a.a#a0a0a0a0a0a0a0a0a0aN
Aa.Aa.AaAa.a	a_a_0_0_a_0_0_a_a.a#a0a0a0a0a0a0a0a0a0a0N
Aa.Aa.AaAa.a	a_a_0_0_a_0_0_a_a.a#a0a0a0a0a0a0a0a0aN
Aa.Aa.AaAa.a	a_a_0_0_a_0_0_a_a.a#a0a0a0a0a0N
Aa.Aa.AaAa.aAa	a_a_0_0_a_0_0_a_a.a#a0a0a0a0a0a0N
Aa.Aa.AaAa._aAa	a_a_0_0_a_0_0_a_a.a#a0a0a0a0a0a0a0N
Aa.Aa.AaAa.A0_0_0	a_a_0_0_a_0_0_a_a.a#a0a0a0a0a0a0a0a0N
Aa.Aa.AaAa.A0_0_0	a_a_0_0_a_0_0_a_a.a#a0a0a0a0a0a0a0a0a0a0a0N
Aa.Aa.AaAa.A0_0_0	a_a_0_0_a_0_0_a_a.a#a0a0a0a0a0a0a0a0N
Aa.Aa.AaAaAa0.a	a_a_0_0_a_0_0_a_a_a0.a#a0a0a0a0a0a0a0aN
Aa.Aa.AaAaAa0.a	a_a_0_0_a_0_0_a_a_a0.a#a0a0a0a0a0a0a0a0aN
Aa.Aa.AaAaAa0.aAa	a_a_0_0_a_0_0_a_a_a0.a#a0a0a0a0a0aN
Aa.Aa.AaAaAa0.a	a_a_0_0_a_0_0_a_a_a0.a#a0a0a0a0a0a0a0a0a0N
Aa.Aa.AaAaAa0.aAa	a_a_0_0_a_0_0_a_a_a0.a#a0a0a0a0a0N
Aa.Aa.AaAaAa0.aAa	a_a_0_0_a_0_0_a_a_a0.a#a0a0a0a0a0a0a0aN
Aa.Aa.AaAaAa0.aAa	a_a_0_0_a_0_0_a_a_a0.a#a0a0a0a0a0a0a0a0aN
Aa.Aa.AaAaAa0.a	a_a_0_0_a_0_0_a_a_a0.a#a0a0a0a0a0a0a0a0N
Aa.AaAaAa._aAaAa	a_a_0_0_a_a_a.a#a0a0a0a0a0a0a0N
Aa.AaAaAa._aAaAaAa	a_a_0_0_a_a_a.a#a0a0a0a0a0a0a0a0a0a0N
Aa.AaAaAa._aAaAa	a_a_0_0_a_a_a.a#a0a0a0a0a0a0a0a0aN
Aa.AaAaAa._aAa	a_a_0_0_a_a_a.a#a0a0a0a0a0a0a0a0a0N
Aa.AaAaAa._aAaAa	a_a_0_0_a_a_a.a#a0a0a0a0a0a0a0N
Aa.AaAaAa.aAaAa	a_a_0_0_a_a_a.a#a0a0a0a0a0a0a0a0aN
Aa.AaAaAa.aAaAaAa	a_a_0_0_a_a_a.a#a0a0a0a0a0a0a0a0a0N
Aa.AaAaAa.aAaAa	a_a_0_0_a_a_a.a#a0a0a0a0a0a0a0a0a0a0aN
Aa.AaAaAa.aAaAa	a_a_0_0_a_a_a.a#a0a0a0a0a0a0a0N
Aa.AaAaAa.aA	a_a_0_0_a_a_a.a#a0a0a0a0a0a0a0a0a0a0N
Aa.AaAaAa.aAa	a_a_0_0_a_a_a.a#a0a0a0a0a0a0a0a0a0a0aN
Aa.AaAaAa.aAa	a_a_0_0_a_a_a.a#a0a0a0a0a0a0a0a0a0a0N
Aa.AaAaAa.aAa	a_a_0_0_a_a_a.a#a0a0a0a0a0a0a0N
Aa.AaAaAa.a	a_a_0_0_a_a_a.a#a0a0a0a0a0a0N
Aa.AaAaAa.a	a_a_0_0_a_a_a.a#a0a0a0a0a0a0N
Aa.AaAa.aAaAaAa	a_a_0_0_a_a_a_a.a#a0a0a0a0a0a0a0a0N
Aa.Aa.a	a_a_0_0_a_a_a.a#a0a0a0a0a0a0a0a0a0aN
Aa.Aa.aAa	a_a_0_0_a_a_a.a#a0a0a0a0a0a0N
Aa.Aa.AaAaAa	a_a_0_0_a_a_a.a#a0a0a0a0a0a0a0aN
Aa.Aa.aAa	a_a_0_0_a_a_a.a#a0a0a0a0a0a0a0N
Aa.Aa.a	a_a_0_0_a_a_a.a#a0a0a0a0a0a0N
Aa.Aa.AaAa.a	a_a_0_0_a_0_0_a_a.a#a0a0a0a0a0a0a0a0a0N
Aa.Aa.AaAa.a	a_a_0_0_a_0_0_a_a.a#a0a0a0a0a0a0a0a0a0N
Aa.Aa.AaAa.aAa	a_a_0_0_a_0_0_a_a.a#a0a0a0a0a0a0a0aN
Aa.Aa.AaAa.a	a_a_0_0_a_0_0_a_a.a#a0a0a0a0a0a0a0a0a0aN
Aa.AaAa.aAa	a_a_0_0_a_a.a#a0a0a0a0a0aN
Aa.AaAa.AaAaAa	a_a_0_0_a_a.a#a0a0a0a0a0a0a0a0aN
Aa.AaAa.aAaAa	a_a_0_0_a_a.a#a0a0a0a0a0a0a0aN
Aa.AaAa.A	a_a_0_0_a_a.a#a0a0a0a0a0a0a0a0a0aN
Aa.AaAa.a	a_a_0_0_a_a.a#a0a0a0a0a0a0a0a0N
Aa.AaAa.AaAa	a_a_0_0_a_a.a#a0a0a0a0a0a0a0a0a0aN
Aa.AaAa.a	a_a_0_0_a_a.a#a0a0a0a0a0a0a0aN
Aa.Aa.AaAa.Aa.aAa	a_a_0_0_a_0_0_a_a_0_0_a.a#a0a0a0a0a0a0a0a0a0aN
Aa.Aa.AaAa.Aa.a	a_a_0_0_a_0_0_a_a_0_0_a.a#a0a0a0a0a0a0a0a0a0aN
Aa.Aa.AaAa.Aa.a	a_a_0_0_a_0_0_a_a_0_0_a.a#a0a0a0a0a0a0a0a0a0N
Aa.Aa.AaAaAa.AaAa.a	a_a_0_0_a_0_0_a_a_a_0_0_a_a.a#a0a0a0a0a0a0a0a0a0N
Aa.Aa.AaAaAa.AaAa.a	a_a_0_0_a_0_0_a_a_a_0_0_a_a.a#a0a0a0a0a0a0N
Aa.Aa.AaAaAa.AaAa.a	a_a_0_0_a_0_0_a_a_a_0_0_a_a.a#a0a0a0a0a0a0a0a0aN
Aa.Aa.AaAaAa.AaAa.a	a_a_0_0_a_0_0_a_a_a_0_0_a_a.a#a0a0a0a0a0a0a0a0N
Aa.AaAa.aAa	a_a_0_0_a_a.a#a0a0a0a0a0N
Aa.AaAa.aAa	a_a_0_0_a_a.a#a0a0a0a0a0a0a0a0a0N
Aa.AaAa.aAaAa	a_a_0_0_a_a.a#a0a0a0a0a0a0a0a0a0aN
Aa.AaAa.aAa	a_a_0_0_a_a.a#a0a0a0a0a0a0a0a0a0a0aN
Aa.AaAa.aAa	a_a_0_0_a_a.a#a0a0a0a0a0a0a0N
Aa.AaAa.AaAa.aAa	a_a_0_0_a_a_0_0_a_a.a#a0a0a0a0a0a0a0a0a0N
Aa.AaAa.AaAa.a	a_a_0_0_a_a_0_0_a_a.a#a0a0a0a0a0a0a0a0a0N
Aa.AaAa.AaAa.a0	a_a_0_0_a_a_0_0_a_a.a#a0a0a0a0a0a0a0a0a0a0a0aN
Aa.AaAa.AaAa.a0	a_a_0_0_a_a_0_0_a_a.a#a0a0a0a0a0a0a0aN
Aa.AaAaAaAa.aAa	a_a_0_0_a_a_a_a.a#a0a0a0a0a0a0a0a0aN
Aa.AaAaAaAa.aAa	a_a_0_0_a_a_a_a.a#a0a0a0a0a0a0a0aN
Aa.AaAaAaAa.aAa	a_a_0_0_a_a_a_a.a#a0a0a0a0a0a0a0N
Aa.AaAa.aAa	a_a_0_0_a_a.a#a0a0a0a0a0a0a0a0N
Aa.Aa.AaAa.Aa.a	a_a_0_0_a_0_0_a_a_0_0_a.a#a0a0a0a0a0a0a0a0a0N
Aa.Aa.AaAa.Aa.aA	a_a_0_0_a_0_0_a_a_0_0_a.a#a0a0a0a0a0a0a0N
Aa.Aa.AaAa.Aa.a	a_a_0_0_a_0_0_a_a_0_0_a.a#a0a0a0a0a0a0a0aN
Aa.Aa.AaAa.Aa.aAaAa	a_a_0_0_a_0_0_a_a_0_0_a.a#a0a0a0a0a0a0a0N
Aa.Aa.AaAa.Aa.aAa	a_a_0_0_a_0_0_a_a_0_0_a.a#a0a0a0a0a0a0a0a0a0N
Aa.AaAa.aAa	a_a_0_0_a_a.a#a0a0a0a0a0a0a0a0N
Aa.AaAa.a	a_a_0_0_a_a.a#a0a0a0a0a0a0a0a0a0a0a0aN
Aa.AaAa.aAa	a_a_0_0_a_a.a#a0a0a0a0a0a0a0a0aN
Aa.AaAa.a	a_a_0_0_a_a.a#a0a0a0a0a0a0a0a0a0aN
Aa.AaAa.AaAa.a	a_a_0_0_a_a_0_0_a_a.a#a0a0a0a0a0a0aN
Aa.AaAa.AaAa.a	a_a_0_0_a_a_0_0_a_a.a#a0a0a0a0a0a0a0a0a0a0N
Aa.AaAa.AaAa.a	a_a_0_0_a_a_0_0_a_a.a#a0a0a0a0a0a0a0a0a0aN
Aa.AaAa.AaAa.a	a_a_0_0_a_a_0_0_a_a.a#a0a0a0a0a0a0a0a0aN
Aa.Aa.AaAa.a	a_a_0_0_a_0_0_a_a.a#a0a0a0a0a0a0a0N
Aa.Aa.AaAa.a	a_a_0_0_a_0_0_a_a.a#a0a0a0a0a0a0a0a0a0a0N
Aa.Aa.AaAa.a	a_a_0_0_a_0_0_a_a.a#a0a0a0a0a0a0a0a0a0a0aN
Aa.Aa.AaAa.a	a_a_0_0_a_0_0_a_a.a#a0a0a0a0a0a0a0N
Aa.Aa.AaAa.aAaAaA	a_a_0_0_a_0_0_a_a.a#a0a0a0a0a0a0a0a0a0N
Aa.Aa.AaAa.aAa	a_a_0_0_a_0_0_a_a.a#a0a0a0a0a0a0a0N
Aa.Aa.Aa.Aa	a_a_0_0_a_0_0_a.a#a0a0a0a0a0a0a0a0a0N
Aa.Aa.Aa.Aa	a_a_0_0_a_0_0_a.a#a0a0a0a0a0a0a0N
Aa.Aa.Aa.a	a_a_0_0_a_0_0_a.a#a0a0a0a0a0a0a0a0a0N
Aa.Aa.Aa.a	a_a_0_0_a_0_0_a.a#a0a0a0a0a0a0a0a0a0a0N
Aa.AaAaAa.a	a_a_0_0_a_a_a.a#a0a0a0a0a0a0a0a0a0N
Aa.AaAaAa.a0A	a_a_0_0_a_a_a.a#a0a0a0a0a0a0a0a0a0N
Aa.AaAaAa.aAaAa	a_a_0_0_a_a_a.a#a0a0a0a0a0a0N
Aa.AaAaAa.aAa	a_a_0_0_a_a_a.a#a0a0a0a0a0a0a0a0a0N
Aa.AaAaAa.aAa	a_a_0_0_a_a_a.a#a0a0a0a0a0a0a0a0a0N
Aa.AaAaAa.aAa	a_a_0_0_a_a_a.a#a0a0a0a0a0a0a0a0aN
Aa.AaAaAa.a	a_a_0_0_a_a_a.a#a0a0a0a0a0a0a0a0a0aN
Aa.AaAaAa.aAa	a_a_0_0_a_a_a.a#a0a0a0a0a0a0a0a0a0a0a0N
Aa.AaAaAa.aAa	a_a_0_0_a_a_a.a#a0a0a0a0a0a0a0N
Aa.AaAa.aAa	a_a_0_0_a_a.a#a0a0a0a0a0a0N
Aa.AaAa.aAa	a_a_0_0_a_a.a#a0a0a0a0a0a0a0a0a0aN
Aa.AaAa.a	a_a_0_0_a_a.a#a0a0a0a0a0aN
Aa.AaAa.aAa	a_a_0_0_a_a.a#a0a0a0a0a0a0a0a0a0N
Aa.AaAa.aAaAaAa	a_a_0_0_a_a.a#a0a0a0a0a0a0a0aN
Aa.AaAa.aAa	a_a_0_0_a_a.a#a0a0a0a0a0a0a0a0aN
Aa.AaAa.a	a_a_0_0_a_a.a#a0a0a0a0a0a0a0aN
Aa.AaAa.aAaA	a_a_0_0_a_a.a#a0a0a0a0a0a0a0a0a0aN
Aa.AaAa.aAaAa	a_a_0_0_a_a_a_a_a.a#a0a0a0a0a0a0a0a0a0aN
Aa.AaAa.aAa	a_a_0_0_a_a_a_a_a.a#a0a0a0a0a0a0a0a0N
Aa.AaAa.aAaAaAaAaAa	a_a_0_0_a_a_a_a_a.a#a0a0a0a0a0a0a0a0aN
Aa.AaAa.aAaAaAaAa	a_a_0_0_a_a_a_a_a.a#a0a0a0a0a0a0a0a0N
Aa.AaAaAa.aAa	a_a_0_0_a_a_a.a#a0a0a0a0a0a0aN
Aa.AaAaAa.aAa	a_a_0_0_a_a_a.a#a0a0a0a0a0a0a0a0N
Aa.AaAa.a	a_a_0_0_a_a.a#a0a0a0a0a0a0a0N
Aa.AaAa.a	a_a_0_0_a_a.a#a0a0a0a0a0a0a0a0a0N
Aa.AaAa.aAaAa	a_a_0_0_a_a.a#a0a0a0a0a0a0a0N
Aa.AaAa.a	a_a_0_0_a_a.a#a0a0a0a0a0a0a0N
Aa.AaAa.aAaAa	a_a_0_0_a_a.a#a0a0a0a0a0a0a0a0a0aN
Aa.AaAa.a	a_a_0_0_a_a.a#a0a0a0a0a0a0a0a0a0a0a0N
Aa.AaAa.aAa	a_a_0_0_a_a.a#a0a0a0a0a0a0a0a0a0a0aN
Aa.AaAa.aAaAa	a_a_0_0_a_a.a#a0a0a0a0a0a0a0N
Aa.AaAa.aAa	a_a_0_0_a_a.a#a0a0a0a0a0a0a0a0N
Aa.AaAa.a	a_a_0_0_a_a.a#a0a0a0a0a0a0a0a0N
Aa.AaAa.a	a_a_0_0_a_a.a#a0a0a0a0a0a0a0a0aN
Aa.AaAa.a	a_a_0_0_a_a.a#a0a0a0a0a0a0a0a0a0a0a0aN
Aa.AaAa.a	a_a_0_0_a_a.a#a0a0a0a0a0a0a0a0N
Aa.Aa.AaAa.a	a_a_0_0_a_0_0_a_a.a#a0a0a0a0a0a0a0a0aN
Aa.Aa.AaAa.a	a_a_0_0_a_0_0_a_a.a#a0a0a0a0a0a0a0a0N
Aa.AaAa.aAa	a_a_0_0_a_a.a#a0a0a0a0a0a0a0a0a0a0a0N
Aa.AaAa.aAa	a_a_0_0_a_a.a#a0a0a0a0a0a0N
Aa.AaAa.a	a_a_0_0_a_a.a#a0a0a0a0a0a0N
Aa.AaAa.aAa	a_a_0_0_a_a.a#a0a0a0a0a0a0a0a0a0a0N
Aa.AaAa.aAa	a_a_0_0_a_a.a#a0a0a0a0a0a0a0a0a0aN
Aa.AaAa.aAa	a_a_0_0_a_a.a#a0a0a0a0a0a0a0a0N
Aa.AaAa.a	a_a_0_0_a_a.a#a0a0a0a0a0a0a0a0N
Aa.AaAa.a	a_a_0_0_a_a.a#a0a0a0a0a0a0a0a0a0N
Aa.AaAa.a	a_a_0_0_a_a.a#a0a0a0a0a0a0a0a0a0a0N
Aa.AaAa.aAa	a_a_0_0_a_a.a#a0a0a0a0a0a0a0N
Aa.AaAa.aAaAa	a_a_0_0_a_a.a#a0a0a0a0a0a0a0a0a0aN
Aa.AaAa.aAa	a_a_0_0_a_a.a#a0a0a0a0a0a0a0a0N
Aa.AaAa.aAa	a_a_0_0_a_a.a#a0a0a0a0a0a0a0a0a0a0aN
Aa.AaAa.aAa	a_a_0_0_a_a.a#a0a0a0a0a0a0a0N
Aa.AaAa.a	a_a_0_0_a_a.a#a0a0a0a0a0a0a0a0a0N
Aa.AaAaAa.a	a_a_0_0_a_a_a.a#a0a0a0a0a0a0a0a0a0aN
Aa.AaAaAa.a	a_a_0_0_a_a_a.a#a0a0a0a0a0a0a0a0N
Aa.AaAa.aAaAaAa	a_a_0_0_a_a.a#a0a0a0a0a0a0a0a0aN
Aa.AaAa.a	a_a_0_0_a_a.a#a0a0a0a0a0a0a0N
Aa.AaAa.aAa	a_a_0_0_a_a.a#a0a0a0a0a0a0a0a0N
Aa.AaAa.aAa	a_a_0_0_a_a.a#a0a0a0a0a0a0a0a0a0N
Aa.AaAa.a	a_a_0_0_a_a.a#a0a0a0a0a0a0a0a0a0aN
Aa.AaAa.aAa	a_a_0_0_a_a.a#a0a0a0a0a0a0a0a0a0a0N
Aa.AaAa.a	a_a_0_0_a_a.a#a0a0a0a0a0a0a0a0a0N
Aa.AaAa.aAa	a_a_0_0_a_a.a#a0a0a0a0a0a0a0a0aN
Aa.AaAa.aAa	a_a_0_0_a_a.a#a0a0a0a0a0a0a0a0a0N
Aa.AaAa.a	a_a_0_0_a_a.a#a0a0a0a0a0a0a0a0a0aN
Aa.AaAa.AaAaAa	a_a_0_0_a_a.a#a0a0a0a0a0a0a0a0N
Aa.AaAa.aAa	a_a_0_0_a_a.a#a0a0a0a0a0a0a0a0N
Aa.AaAa.aAa	a_a_0_0_a_a.a#a0a0a0a0a0a0N
Aa.AaAa.aAaAa	a_a_0_0_a_a.a#a0a0a0a0a0a0a0a0a0a0N
Aa.AaAa.a	a_a_0_0_a_a.a#a0a0a0a0a0a0a0a0a0a0N
Aa.AaAa.aAaAaAa	a_a_0_0_a_a.a#a0a0a0a0a0a0N
Aa.AaAa.a	a_a_0_0_a_a.a#a0a0a0a0a0a0a0N
Aa.AaAa.a0A	a_a_0_0_a_a.a#a0a0a0a0a0a0N
Aa.AaAa.aAa	a_a_0_0_a_a.a#a0a0a0a0a0a0a0a0a0N
Aa.AaAa.aAaAa	a_a_0_0_a_a.a#a0a0a0a0a0a0a0N
Aa.AaAa.aAa	a_a_0_0_a_a.a#a0a0a0a0a0a0a0N
Aa.AaAa.a	a_a_0_0_a_a.a#a0a0a0a0a0a0a0aN
Aa.AaAa.a	a_a_0_0_a_a.a#a0a0a0a0a0a0a0a0a0N
Aa.AaAa.aAa	a_a_0_0_a_a.a#a0a0a0a0a0a0a0N
Aa.AaAa.aAaAa	a_a_0_0_a_a.a#a0a0a0a0a0a0aN
Aa.AaAaAa.a	a_a_0_0_a_a_a.a#a0a0a0a0a0a0a0N
Aa.Aa.AaAaAa.aAa	a_a_0_0_a_0_0_a_a_a.a#a0a0a0a0a0a0a0a0aN
Aa.Aa.AaAaAa.aAa	a_a_0_0_a_0_0_a_a_a.a#a0a0a0a0a0a0a0N
Aa.Aa.AaAaAa.aAa	a_a_0_0_a_0_0_a_a_a.a#a0a0a0a0a0a0a0aN
Aa.Aa.AaAaAa.aAaA	a_a_0_0_a_0_0_a_a_a.a#a0a0a0a0a0a0a0a0a0N
Aa.Aa.AaAaAa.aAa	a_a_0_0_a_0_0_a_a_a.a#a0a0a0a0a0a0a0N
Aa.Aa.AaAaAa.aAa	a_a_0_0_a_0_0_a_a_a.a#a0a0a0a0a0a0a0a0a0a0aN
Aa.Aa.AaAaAa.aAaAa	a_a_0_0_a_0_0_a_a_a.a#a0a0a0a0a0a0a0a0N
Aa.Aa.AaAaAa.aAaAa	a_a_0_0_a_0_0_a_a_a.a#a0a0a0a0a0a0a0N
Aa.Aa.AaAaAa.a	a_a_0_0_a_0_0_a_a_a.a#a0a0a0a0a0a0a0a0a0N
Aa.Aa.AaAaAa.aAaAa	a_a_0_0_a_0_0_a_a_a.a#a0a0a0a0a0aN
Aa.Aa.AaAa.a	a_a_0_0_a_0_0_a_a.a#a0a0a0a0a0a0a0N
Aa.Aa.AaAa.a	a_a_0_0_a_0_0_a_a.a#a0a0a0a0a0a0a0a0aN
Aa.Aa.AaAa.aAa	a_a_0_0_a_0_0_a_a.a#a0a0a0a0a0a0a0N
Aa.Aa.AaAa.a	a_a_0_0_a_0_0_a_a.a#a0a0a0a0a0a0N
Aa.AaAa.a	a_a_0_0_a_a.a#a0a0a0a0a0a0a0a0a0a0a0a0a0N
Aa.AaAa.a	a_a_0_0_a_a.a#a0a0a0a0a0a0a0a0N
Aa.AaAa.a	a_a_0_0_a_a.a#a0a0a0a0N
Aa.AaAa.aA	a_a_0_0_a_a.a#a0a0a0a0a0a0a0aN
Aa.AaAa.aAa	a_a_0_0_a_a.a#a0a0a0a0a0a0a0a0N
Aa.AaAa.AaAaAa	a_a_0_0_a_a.a#a0a0a0a0a0a0a0a0a0a0aN
Aa.AaAa.AaAaAa	a_a_0_0_a_a.a#a0a0a0a0a0a0a0aN
Aa.AaAa.AaAaAa	a_a_0_0_a_a.a#a0a0a0a0a0a0a0aN
Aa.AaAa.AaAaAaAa	a_a_0_0_a_a.a#a0a0a0a0a0a0a0a0N
Aa.AaAa.AaAaAa	a_a_0_0_a_a.a#a0a0a0a0a0a0a0a0N
Aa.AaAa.AaAaAa	a_a_0_0_a_a.a#a0a0a0a0a0aN
Aa.AaAa.AaAaAa	a_a_0_0_a_a.a#a0a0a0a0a0a0aN
Aa.AaAa.AaAaAa	a_a_0_0_a_a.a#a0a0a0a0a0a0N
Aa.AaAa.AaAaAa	a_a_0_0_a_a.a#a0a0a0a0a0a0a0N
Aa.AaAa.AaAaAa	a_a_0_0_a_a.a#a0a0a0a0a0a0a0a0a0N
Aa.AaAa.AaAaAa	a_a_0_0_a_a.a#a0a0a0a0a0a0a0a0N
Aa.AaAa.aAa	a_a_0_0_a_a.a#a0a0a0a0a0a0aN
Aa.AaAa.AaAaAa	a_a_0_0_a_a.a#a0a0a0a0a0a0a0a0a0aN
Aa.AaAa.a	a_a_0_0_a_a.a#a0a0a0a0a0a0a0a0a0N
Aa.AaAa.AaAa0Aa	a_a_0_0_a_a.a#a0a0a0a0a0a0a0a0a0aN
Aa.AaAa.AaAa0Aa	a_a_0_0_a_a.a#a0a0a0a0a0a0a0N
Aa.AaAa.a	a_a_0_0_a_a.a#a0a0a0a0a0a0aN
Aa.AaAa.AaAaAa	a_a_0_0_a_a.a#a0a0a0a0a0a0a0N
Aa.AaAa.AaAaAaAa	a_a_0_0_a_a.a#a0a0a0a0a0a0a0a0a0a0a0aN
Aa.AaAa.a	a_a_0_0_a_a.a#a0a0a0a0a0a0a0a0aN
Aa.Aa.AaAaAa.a0AaAa	a_a_0_0_a_0_0_a_a_a.a#a0a0a0a0a0a0a0a0N
Aa.Aa.AaAaAa.aAa	a_a_0_0_a_0_0_a_a_a.a#a0a0a0a0a0a0a0a0a0N
Aa.Aa.AaAaAa.a	a_a_0_0_a_0_0_a_a_a.a#a0a0a0a0a0a0a0aN
Aa.Aa.AaAaAa.a	a_a_0_0_a_0_0_a_a_a.a#a0a0a0a0a0a0a0N
Aa.Aa.AaAaAa.a	a_a_0_0_a_0_0_a_a_a.a#a0a0a0a0a0a0a0a0N
Aa.Aa.AaAa.a	a_a_0_0_a_0_0_a_a.a#a0a0a0a0a0a0a0a0N
Aa.Aa.AaAa.aAa	a_a_0_0_a_0_0_a_a.a#a0a0a0a0a0a0a0a0a0aN
Aa.Aa.AaAa.a0a	a_a_0_0_a_0_0_a_a.a#a0a0a0a0a0a0a0a0a0aN
Aa.Aa.AaAa.aAa	a_a_0_0_a_0_0_a_a.a#a0a0a0a0a0a0a0aN
Aa.Aa.AaAa.aAa	a_a_0_0_a_0_0_a_a.a#a0a0a0a0a0a0a0a0a0N
Aa.Aa.AaAa.aA	a_a_0_0_a_0_0_a_a.a#a0a0a0a0a0a0a0a0a0a0aN
Aa.Aa.AaAa.aA	a_a_0_0_a_0_0_a_a.a#a0a0a0a0a0a0a0N
Aa.Aa.AaAa.a	a_a_0_0_a_0_0_a_a.a#a0a0a0a0a0aN
Aa.Aa.AaAa.a	a_a_0_0_a_0_0_a_a.a#a0a0a0a0a0a0a0a0N
Aa.Aa.AaAa.a	a_a_0_0_a_0_0_a_a.a#a0a0a0a0a0a0a0a0aN
Aa.Aa.AaAa.a	a_a_0_0_a_0_0_a_a.a#a0a0a0a0a0a0a0a0N
Aa.Aa.AaAa.aAa	a_a_0_0_a_0_0_a_a.a#a0a0a0a0a0a0N
Aa.AaAaAa.aAa	a_a_0_0_a_a_a.a#a0a0a0a0a0a0a0a0a0aN
Aa.AaAaAa.a	a_a_0_0_a_a_a.a#a0a0a0a0a0a0a0N
Aa.AaAaAa.aAa	a_a_0_0_a_a_a.a#a0a0a0a0a0a0a0a0aN
Aa.AaAaAa.aAa	a_a_0_0_a_a_a.a#a0a0a0a0a0a0a0a0a0aN
Aa.AaAaAa.aAa	a_a_0_0_a_a_a.a#a0a0a0a0a0a0a0a0N
Aa.AaAaAa.aAa	a_a_0_0_a_a_a.a#a0a0a0a0a0a0a0a0N
Aa.AaAaAa.aAaAaAa	a_a_0_0_a_a_a.a#a0a0a0a0a0a0a0N
Aa.AaAaAa.aAa	a_a_0_0_a_a_a.a#a0a0a0a0a0a0a0a0a0N
Aa.AaAaAa.aAa	a_a_0_0_a_a_a.a#a0a0a0a0a0a0a0a0a0a0aN
Aa.AaAaAa.a	a_a_0_0_a_a_a.a#a0a0a0a0a0a0a0a0a0a0N
Aa.AaAaAa.aAaAa	a_a_0_0_a_a_a.a#a0a0a0a0a0a0a0a0a0aN
Aa.AaAaAa.aAa	a_a_0_0_a_a_a.a#a0a0a0a0a0a0a0a0N
Aa.AaAaAa.aAa	a_a_0_0_a_a_a.a#a0a0a0a0a0a0a0a0a0N
Aa.AaAaAa.aAa	a_a_0_0_a_a_a.a#a0a0a0a0a0a0a0a0a0a0N
Aa.AaAaAa.aAaAa	a_a_0_0_a_a_a.a#a0a0a0a0a0a0a0aN
Aa.AaAaAa.aAaAaAaAa	a_a_0_0_a_a_a.a#a0a0a0a0a0a0aN
Aa.AaAaAa.a	a_a_0_0_a_a_a.a#a0a0a0a0a0a0a0aN
Aa.AaAaAa.aAaAaAa	a_a_0_0_a_a_a.a#a0a0a0a0a0a0a0a0a0N
Aa.AaAaAa.aAaAa	a_a_0_0_a_a_a.a#a0a0a0a0a0a0a0a0a0N
Aa.AaAaAa.aAaAaAa	a_a_0_0_a_a_a.a#a0a0a0a0N
Aa.AaAaAa.aAaAa	a_a_0_0_a_a_a.a#a0a0a0a0a0a0a0a0a0a0a0a0aN
Aa.AaAaAa.aAaAaAa	a_a_0_0_a_a_a.a#a0a0a0a0a0a0a0a0N
Aa.AaAaAa.aAaAaAa	a_a_0_0_a_a_a.a#a0a0a0a0a0a0aN
Aa.AaAaAa.aAaAaAa	a_a_0_0_a_a_a.a#a0a0a0a0a0a0a0a0a0aN
Aa.AaAaAa.aAaAa	a_a_0_0_a_a_a.a#a0a0a0a0a0a0N
Aa.AaAaAa.aAaAa	a_a_0_0_a_a_a.a#a0a0a0a0a0a0N
Aa.AaAaAa.aAaAa	a_a_0_0_a_a_a.a#a0a0a0a0a0a0a0a0N
Aa.AaAaAa.a	a_a_0_0_a_a_a.a#a0a0a0a0a0a0a0aN
Aa.AaAaAa.aAa	a_a_0_0_a_a_a.a#a0a0a0a0a0a0a0a0aN
Aa.AaAaAa.aAaAa	a_a_0_0_a_a_a.a#a0a0a0a0a0a0a0aN
Aa.AaAaAa.aAa	a_a_0_0_a_a_a.a#a0a0a0a0a0a0a0a0a0aN
Aa.AaAaAa.aAa	a_a_0_0_a_a_a.a#a0a0a0a0a0a0a0a0N
Aa.AaAaAa.aAa	a_a_0_0_a_a_a.a#a0a0a0a0a0a0a0N
Aa.AaAaAa.a	a_a_0_0_a_a_a.a#a0a0a0a0a0a0a0a0N
Aa.AaAaAa.aAaAaAa	a_a_0_0_a_a_a.a#a0a0a0a0a0a0a0N
Aa.AaAaAa.aAa	a_a_0_0_a_a_a.a#a0a0a0a0a0a0a0a0a0N
Aa.AaAaAa.aAa	a_a_0_0_a_a_a.a#a0a0a0a0a0a0a0a0a0a0aN
Aa.AaAaAa.aAa	a_a_0_0_a_a_a.a#a0a0a0a0a0a0a0a0N
Aa.AaAaAa.aAa	a_a_0_0_a_a_a.a#a0a0a0a0a0a0a0a0a0N
Aa.AaAaAa.aAa	a_a_0_0_a_a_a.a#a0a0a0a0a0a0a0a0a0a0N
Aa.AaAaAa.aAa	a_a_0_0_a_a_a.a#a0a0a0a0a0a0aN
Aa.AaAaAa.aAaAaAa	a_a_0_0_a_a_a.a#a0a0a0a0a0aN
Aa.AaAaAa.aAa	a_a_0_0_a_a_a.a#a0a0a0a0a0a0a0N
Aa.AaAaAa.aAaAa	a_a_0_0_a_a_a.a#a0a0a0a0a0a0a0a0a0a0aN
Aa.AaAaAaAa.aAaAa	a_a_0_0_a_a_a_a.a#a0a0a0a0a0a0a0a0a0a0N
Aa.AaAaAaAa.a	a_a_0_0_a_a_a_a.a#a0a0a0a0a0a0a0N
Aa.AaAaAaAa.aAa	a_a_0_0_a_a_a_a.a#a0a0a0a0a0a0a0a0a0N
Aa.AaAaAaAa.AaAa	a_a_0_0_a_a_a_a.a#a0a0a0a0a0a0N
Aa.AaAaAaAa.AaAaAa	a_a_0_0_a_a_a_a.a#a0a0a0a0a0a0a0a0aN
Aa.AaAaAa._a	a_a_0_0_a_a_a.a#a0a0a0a0a0a0N
Aa.AaAaAa._aAa	a_a_0_0_a_a_a.a#a0a0a0a0a0a0a0a0a0N
Aa.AaAaAa._a	a_a_0_0_a_a_a.a#a0a0a0a0a0a0a0a0a0N
Aa.AaAaAa.a	a_a_0_0_a_a_a.a#a0a0a0a0a0a0a0a0a0N
Aa.AaAaAa.a	a_a_0_0_a_a_a.a#a0a0a0a0a0a0a0a0a0N
Aa.AaAaAa.a	a_a_0_0_a_a_a.a#a0a0a0a0a0a0a0a0N
Aa.AaAaAa.a	a_a_0_0_a_a_a.a#a0a0a0a0a0a0a0N
Aa.AaAaAa.aAa	a_a_0_0_a_a_a.a#a0a0a0a0a0a0a0a0a0N
Aa.AaAa.aAaAa	a_a_0_0_a_a.a#a0a0a0a0a0a0a0a0N
Aa.AaAa.aAaAaAa	a_a_0_0_a_a.a#a0a0a0a0a0a0a0a0a0aN
Aa.AaAa.a	a_a_0_0_a_a.a#a0a0a0a0a0a0a0N
Aa.AaAa.a	a_a_0_0_a_a.a#a0a0a0a0a0a0a0a0N
Aa.AaAa.aAa	a_a_0_0_a_a.a#a0a0a0a0a0a0a0a0a0a0N
Aa.AaAa.aAa	a_a_0_0_a_a.a#a0a0a0a0a0a0a0a0a0aN
Aa.AaAa.aAaAa	a_a_0_0_a_a.a#a0a0a0a0a0a0aN
Aa.AaAa.a	a_a_0_0_a_a.a#a0a0a0a0a0a0a0a0a0a0aN
Aa.AaAa.a	a_a_0_0_a_a.a#a0a0a0a0a0a0N
Aa.AaAa.aAa	a_a_0_0_a_a.a#a0a0a0a0a0a0a0N
Aa.AaAa.aAa	a_a_0_0_a_a.a#a0a0a0a0a0a0a0a0aN
Aa.AaAa.a	a_a_0_0_a_a.a#a0a0a0a0a0a0a0a0N
Aa.AaAa.aAa	a_a_0_0_a_a.a#a0a0a0a0a0a0a0a0a0a0a0N
Aa.AaAa.aAa	a_a_0_0_a_a.a#a0a0a0a0a0a0a0a0N
Aa.AaAa.aAa	a_a_0_0_a_a.a#a0a0a0a0a0N
Aa.AaAa.aAaAa	a_a_0_0_a_a.a#a0a0a0a0a0a0a0a0N
Aa.AaAa.aAaAa	a_a_0_0_a_a.a#a0a0a0a0a0a0a0N
Aa.AaAa.a	a_a_0_0_a_a.a#a0a0a0a0a0a0a0a0aN
Aa.AaAa.aAa	a_a_0_0_a_a.a#a0a0a0a0a0a0a0aN
Aa.AaAa.aAaAa	a_a_0_0_a_a.a#a0a0a0a0a0a0a0N
Aa.AaAa.aAa	a_a_0_0_a_a.a#a0a0a0a0a0a0a0a0a0aN
Aa.AaAa.aAaAa	a_a_0_0_a_a.a#a0a0a0a0a0a0a0a0N
Aa.AaAa.aAa	a_a_0_0_a_a.a#a0a0a0a0a0N
Aa.AaAa.aAaAa	a_a_0_0_a_a.a#a0a0a0a0a0a0a0aN
Aa.AaAa.aAaAa	a_a_0_0_a_a.a#a0a0a0a0a0a0N
Aa.AaAa.aAaAaAa	a_a_0_0_a_a.a#a0a0a0a0a0a0a0a0a0a0a0N
Aa.AaAa.aAaAa	a_a_0_0_a_a.a#a0a0a0a0a0a0a0a0a0a0N
Aa.AaAa.aAaAa	a_a_0_0_a_a.a#a0a0a0a0a0a0a0a0N
Aa.AaAa.aAaAa	a_a_0_0_a_a.a#a0a0a0a0a0a0a0a0a0N
Aa.AaAa.aAa	a_a_0_0_a_a.a#a0a0a0a0a0a0a0aN
Aa.AaAa.aAaAaAa	a_a_0_0_a_a.a#a0a0a0a0a0a0a0a0N
Aa.AaAa.aAa	a_a_0_0_a_a.a#a0a0a0a0a0N
Aa.AaAa.aAa	a_a_0_0_a_a.a#a0a0a0a0a0a0N
Aa.AaAa.aAa	a_a_0_0_a_a.a#a0a0a0a0a0a0a0N
Aa.AaAa.aAa	a_a_0_0_a_a.a#a0a0a0a0a0a0a0N
Aa.AaAa.a	a_a_0_0_a_a.a#a0a0a0a0a0a0a0a0aN
Aa.AaAa.aAaAa	a_a_0_0_a_a.a#a0a0a0a0a0a0a0a0aN
Aa.AaAaAa.aAaAa	a_a_0_0_a_a_a.a#a0a0a0a0a0a0a0N
Aa.AaAaAa.a	a_a_0_0_a_a_a.a#a0a0a0a0a0a0a0a0a0a0a0aN
Aa.AaAaAa.a	a_a_0_0_a_a_a.a#a0a0a0a0a0a0a0a0a0aN
Aa.AaAaAa.aAa	a_a_0_0_a_a_a.a#a0a0a0a0a0a0a0a0N
Aa.AaAaAa.aAaAa	a_a_0_0_a_a_a.a#a0a0a0a0a0a0a0a0a0N
Aa.AaAaAa.aAa	a_a_0_0_a_a_a.a#a0a0a0a0a0a0a0a0N
Aa.AaAaAa.aAaAa	a_a_0_0_a_a_a.a#a0a0a0a0a0a0N
Aa.AaAaAa.aAa	a_a_0_0_a_a_a.a#a0a0a0a0a0a0a0N
Aa.AaAaAa.aAaAaAa	a_a_0_0_a_a_a.a#a0a0a0a0a0a0a0a0a0a0aN
Aa.AaAaAa.aAaAaAa	a_a_0_0_a_a_a.a#a0a0a0a0a0a0a0a0aN
Aa.AaAaAa.aAa	a_a_0_0_a_a_a.a#a0a0a0a0a0a0a0N
Aa.AaAaAa.aAa	a_a_0_0_a_a_a.a#a0a0a0a0a0a0a0a0aN
Aa.AaAaAa.aAa	a_a_0_0_a_a_a.a#a0a0a0a0a0a0a0a0a0a0N
Aa.AaAaAa.aAa	a_a_0_0_a_a_a.a#a0a0a0a0a0a0N
Aa.AaAaAa.AaAaAa	a_a_0_0_a_a_a.a#a0a0a0a0a0a0a0a0a0N
Aa.Aa.AaAa.a	a_a_0_0_a_0_0_a_a.a#a0a0a0a0a0a0a0a0a0aN
Aa.Aa.AaAa.a	a_a_0_0_a_0_0_a_a.a#a0a0a0a0a0a0a0N
Aa.Aa.AaAa.aAa	a_a_0_0_a_0_0_a_a.a#a0a0a0a0a0a0a0a0aN
Aa.Aa.AaAa.aAa	a_a_0_0_a_0_0_a_a.a#a0a0a0a0a0a0a0a0a0aN
Aa.Aa.AaAa.a	a_a_0_0_a_0_0_a_a.a#a0a0a0a0a0a0N
Aa.AaAa._aAa	a_a_0_0_a_a.a#a0a0a0a0a0a0a0aN
Aa.AaAa.AaAaAaAa0	a_a_0_0_a_a.a#a0a0a0a0a0a0a0a0aN
Aa.AaAa.AaAaAaAa	a_a_0_0_a_a.a#a0a0a0a0a0a0aN
Aa.AaAa.AaAaAaAa	a_a_0_0_a_a.a#a0a0a0a0a0a0a0a0N
Aa.AaAa.AaAaAaAaAa	a_a_0_0_a_a.a#a0a0a0a0a0a0a0a0a0N
Aa.AaAa.AaAaAaAaAa	a_a_0_0_a_a.a#a0a0a0a0a0a0N
Aa.AaAaAa.AaAaAaAaAa	a_a_0_0_a_a_a.a#a0a0a0a0a0a0a0a0N
Aa.AaAaAa.AaAaAaAaAa	a_a_0_0_a_a_a.a#a0a0a0a0a0a0a0a0a0N
Aa.AaAaAa.AaAaAaAaAa	a_a_0_0_a_a_a.a#a0a0a0a0a0a0a0N
Aa.AaAaAa.AaAaAaAaAa	a_a_0_0_a_a_a.a#a0a0a0a0a0a0a0a0N
Aa.AaAaAa.aAa	a_a_0_0_a_a_a.a#a0a0a0a0a0a0aN
Aa.AaAaAa.aAaAaAa	a_a_0_0_a_a_a.a#a0a0a0a0a0a0a0N
Aa.AaAaAa.AaAaAaAaAaAa	a_a_0_0_a_a_a.a#a0a0a0a0a0a0a0aN
Aa.AaAaAa.AaAaAaAaAa	a_a_0_0_a_a_a.a#a0a0a0a0a0a0a0a0N
Aa.AaAaAa.a	a_a_0_0_a_a_a.a#a0a0a0a0a0a0a0a0N
Aa.Aa.AaAa.aAa	a_a_0_0_a_0_0_a_a.a#a0a0a0a0a0a0a0a0N
Aa.Aa.AaAa.aAa	a_a_0_0_a_0_0_a_a.a#a0a0a0a0a0a0a0aN
Aa.Aa.AaAa.a	a_a_0_0_a_0_0_a_a.a#a0a0a0a0a0a0a0a0a0N
Aa.Aa.AaAa.a	a_a_0_0_a_0_0_a_a.a#a0a0a0a0a0a0a0aN
Aa.Aa.AaAa.a0Aa	a_a_0_0_a_0_0_a_a.a#a0a0a0a0a0a0a0a0a0N
Aa.Aa.AaAa.a	a_a_0_0_a_0_0_a_a.a#a0a0a0a0a0a0a0a0a0N
Aa.Aa.AaAa.a	a_a_0_0_a_0_0_a_a.a#a0a0a0a0a0a0a0a0aN
Aa.Aa.AaAa.a	a_a_0_0_a_0_0_a_a.a#a0a0a0a0a0a0a0N
Aa.Aa.AaAa.aAa	a_a_0_0_a_0_0_a_a.a#a0a0a0a0a0a0a0N
Aa.Aa.a	a_a_0_0_a_a_a_a.a#a0a0a0a0a0a0a0N
Aa.Aa.AaAa.a	a_a_0_0_a_0_0_a_a.a#a0a0a0a0a0a0a0a0aN
Aa.Aa.AaAa.a	a_a_0_0_a_0_0_a_a.a#a0a0a0a0a0a0a0a0a0aN
Aa.Aa.AaAa.a	a_a_0_0_a_0_0_a_a.a#a0a0a0a0a0a0a0a0a0N
Aa.AaAa.a	a_a_0_0_a_a.a#a0a0a0a0a0a0a0aN
Aa.AaAa.a	a_a_0_0_a_a.a#a0a0a0a0a0a0a0a0a0aN
Aa.AaAa.aAa	a_a_0_0_a_a.a#a0a0a0a0a0a0a0aN
Aa.AaAa.a	a_a_0_0_a_a.a#a0a0a0a0a0a0aN
Aa.AaAa.aAa	a_a_0_0_a_a.a#a0a0a0a0a0a0a0a0N
Aa.AaAa.aAa	a_a_0_0_a_a.a#a0a0a0a0a0a0a0a0a0a0aN
Aa.AaAa.aAaAaAa	a_a_0_0_a_a.a#a0a0a0a0a0a0a0N
Aa.AaAa.a	a_a_0_0_a_a.a#a0a0a0a0a0a0a0a0a0aN
Aa.AaAa.aAa	a_a_0_0_a_a.a#a0a0a0a0a0a0a0a0N
Aa.AaAa.aAaAa	a_a_0_0_a_a.a#a0a0a0a0a0a0a0aN
Aa.AaAa.aAa	a_a_0_0_a_a.a#a0a0a0a0a0a0a0a0aN
Aa.AaAa.AaAaAaAa	a_a_0_0_a_a.a#a0a0a0a0a0a0a0aN
Aa.AaAa.AaAaAaAa	a_a_0_0_a_a.a#a0a0a0a0a0a0a0N
Aa.AaAa.aAaAa	a_a_0_0_a_a.a#a0a0a0a0a0a0a0a0N
Aa.AaAa.aAa	a_a_0_0_a_a.a#a0a0a0a0a0a0aN
Aa.AaAa.aAa	a_a_0_0_a_a.a#a0a0a0a0N
Aa.AaAa.Aa	a_a_0_0_a_a.a#a0a0a0a0a0a0a0a0aN
Aa.AaAa.aAaAaAa	a_a_0_0_a_a.a#a0a0a0a0a0aN
Aa.AaAaAa.AaAa.a	a_a_0_0_a_a_a_0_0_a_a.a#a0a0a0a0a0a0a0aN
Aa.AaAaAa.AaAa.a	a_a_0_0_a_a_a_0_0_a_a.a#a0a0a0a0a0a0a0a0a0N
Aa.Aa.AaAa.Aa.a	a_a_0_0_a_0_0_a_a_0_0_a.a#a0a0a0a0a0a0a0a0a0N
Aa.Aa.AaAa.Aa.a	a_a_0_0_a_0_0_a_a_0_0_a.a#a0a0a0a0a0aN
Aa.Aa.AaAa.Aa.a	a_a_0_0_a_0_0_a_a_0_0_a.a#a0a0a0a0a0a0a0a0N
Aa.AaAaAa.aAaAa	a_a_0_0_a_a_a.a#a0a0a0a0a0a0a0a0a0a0a0N
Aa.AaAaAa.aAaAa	a_a_0_0_a_a_a.a#a0a0a0a0a0a0a0aN
Aa.AaAaAa.aAa	a_a_0_0_a_a_a.a#a0a0a0a0a0a0a0a0aN
Aa.AaAaAa.aAa	a_a_0_0_a_a_a.a#a0a0a0a0a0a0a0a0a0a0N
Aa.AaAaAa.aAaAa	a_a_0_0_a_a_a.a#a0a0a0a0a0a0a0a0a0N
Aa.AaAaAa.a	a_a_0_0_a_a_a.a#a0a0a0a0a0a0a0a0a0a0N
Aa.AaAaAa.a	a_a_0_0_a_a_a.a#a0a0a0a0a0a0a0a0a0N
Aa.AaAaAa.aAaAa	a_a_0_0_a_a_a.a#a0a0a0a0a0a0a0aN
Aa.AaAaAaAa.aAaAa	a_a_0_0_a_a_a_a.a#a0a0a0a0a0a0a0aN
Aa.AaAaAaAa.aAa	a_a_0_0_a_a_a_a.a#a0a0a0a0a0a0a0a0a0aN
Aa.Aa.AaAa.aAaAaAa	a_a_0_0_a_0_0_a_a_a_a.a#a0a0a0a0a0a0a0aN
Aa.Aa.AaAa.aAa	a_a_0_0_a_0_0_a_a_a_a.a#a0a0a0a0a0a0a0a0N
Aa.Aa.AaAa.aAaAa	a_a_0_0_a_0_0_a_a_a_a.a#a0a0a0a0a0a0a0a0a0N
Aa.Aa.AaAa.aAaAaAa	a_a_0_0_a_0_0_a_a_a_a.a#a0a0a0a0a0a0a0N
Aa.Aa.AaAa.aAaAaAa	a_a_0_0_a_0_0_a_a_a_a.a#a0a0a0a0a0a0a0a0a0a0aN
Aa.Aa.AaAa.aAaAa	a_a_0_0_a_0_0_a_a_a_a.a#a0a0a0a0a0a0aN
Aa.Aa.AaAa.aAa	a_a_0_0_a_0_0_a_a_a_a.a#a0a0a0a0a0a0a0a0a0N
Aa.Aa.AaAaA.aAa	a_a_0_0_a_0_0_a_a_a_a.a#a0a0a0a0a0a0a0a0N
Aa.Aa.AaAaA.aAaAaAa	a_a_0_0_a_0_0_a_a_a_a.a#a0a0a0a0a0a0a0aN
Aa.Aa.AaAaA.aAaAa	a_a_0_0_a_0_0_a_a_a_a.a#a0a0a0a0a0a0a0a0aN
Aa.Aa.AaAaA.aAaAa	a_a_0_0_a_0_0_a_a_a_a.a#a0a0a0a0a0a0aN
Aa.Aa.AaAaA.a	a_a_0_0_a_0_0_a_a_a_a.a#a0a0a0a0a0a0a0a0N
Aa.Aa.AaAaA.aAa	a_a_0_0_a_0_0_a_a_a_a.a#a0a0a0a0a0a0a0a0a0N
Aa.Aa.AaAa.aAa	a_a_0_0_a_0_0_a_a_a_a_a.a#a0a0a0a0a0a0a0a0a0N
Aa.Aa.AaAa.a	a_a_0_0_a_0_0_a_a_a_a_a.a#a0a0a0a0a0a0N
Aa.Aa.AaAa.aAa	a_a_0_0_a_0_0_a_a_a_a_a.a#a0a0a0a0a0a0a0a0a0aN
Aa.AaAaAa._aAa	a_a_0_0_a_a_a.a#a0a0a0a0a0a0a0a0a0N
Aa.AaAaAa.AaAa	a_a_0_0_a_a_a.a#a0a0a0a0a0a0N
Aa.AaAaAa.aAa	a_a_0_0_a_a_a.a#a0a0a0a0a0a0a0a0a0N
Aa.AaAaAa.AaAaAa	a_a_0_0_a_a_a.a#a0a0a0a0a0a0a0a0N
Aa.AaAaAa.AaAa	a_a_0_0_a_a_a.a#a0a0a0a0a0a0a0a0a0aN
Aa.AaAaAa.aAa	a_a_0_0_a_a_a.a#a0a0a0a0N
Aa.AaAaAa.AaAa	a_a_0_0_a_a_a.a#a0a0a0a0a0a0a0aN
Aa.Aa.AaA.aAa	a_a_0_0_a_0_0_a_a_a_a.a#a0a0a0a0a0a0a0N
Aa.Aa.AaA.aAaAa	a_a_0_0_a_0_0_a_a_a_a.a#a0a0a0a0a0a0N
Aa.Aa.AaA.a	a_a_0_0_a_0_0_a_a_a_a.a#a0a0a0a0a0a0a0N
Aa.Aa.AaA.aAa	a_a_0_0_a_0_0_a_a_a_a.a#a0a0a0a0a0a0a0a0a0a0a0N
Aa.Aa.AaA.aAa	a_a_0_0_a_0_0_a_a_a_a.a#a0a0a0a0a0a0aN
Aa.Aa.AaA.aAa	a_a_0_0_a_0_0_a_a_a_a.a#a0a0a0a0a0a0a0a0aN
Aa.Aa.AaA.aAaAa	a_a_0_0_a_0_0_a_a_a_a.a#a0a0a0a0a0a0a0a0a0aN
Aa.Aa.AaA.a	a_a_0_0_a_0_0_a_a_a_a.a#a0a0a0a0a0a0a0aN
Aa.Aa.AaA.aAa	a_a_0_0_a_0_0_a_a_a_a.a#a0a0a0a0a0a0a0a0a0aN
Aa.Aa.AaA.a	a_a_0_0_a_0_0_a_a_a_a.a#a0a0a0a0a0a0N
Aa.Aa.AaA.a	a_a_0_0_a_0_0_a_a_a_a.a#a0a0a0a0a0a0a0a0aN
Aa.Aa.AaA.a	a_a_0_0_a_0_0_a_a_a_a.a#a0a0a0a0a0a0a0a0N
Aa.Aa.AaA.a	a_a_0_0_a_0_0_a_a_a_a.a#a0a0a0a0a0a0a0a0a0a0aN
Aa.Aa.AaA.aAa	a_a_0_0_a_0_0_a_a_a_a.a#a0a0a0a0a0a0N
Aa.Aa.AaA.aAa	a_a_0_0_a_0_0_a_a_a_a.a#a0a0a0a0a0a0a0aN
Aa.Aa.AaA.a	a_a_0_0_a_0_0_a_a_a_a.a#a0a0a0a0a0a0a0a0a0a0N
Aa.Aa.AaA.aAa	a_a_0_0_a_0_0_a_a_a_a.a#a0a0a0a0a0a0a0a0a0N
Aa.Aa.AaA.a	a_a_0_0_a_0_0_a_a_a_a.a#a0a0a0a0a0a0a0a0N
Aa.Aa.AaA.a	a_a_0_0_a_0_0_a_a_a_a.a#a0a0a0a0a0a0a0a0aN
Aa.Aa.AaA.a	a_a_0_0_a_0_0_a_a_a_a.a#a0a0a0a0a0a0N
Aa.Aa.AaA.a	a_a_0_0_a_0_0_a_a_a_a.a#a0a0a0a0a0a0a0a0N
Aa.AaAa.AaAa.a	a_a_0_0_a_a_0_0_a_a.a#a0a0a0a0a0a0a0aN
Aa.AaAa.AaAa.aAa	a_a_0_0_a_a_0_0_a_a.a#a0a0a0a0a0a0a0a0N
Aa.AaAa.AaAa.a	a_a_0_0_a_a_0_0_a_a.a#a0a0a0a0a0a0N
Aa.Aa.AaAa.aAa	a_a_0_0_a_0_0_a_a.a#a0a0a0a0a0a0a0a0N
Aa.Aa.AaAa.aAa	a_a_0_0_a_0_0_a_a.a#a0a0a0a0a0a0a0a0N
Aa.Aa.AaAa.a	a_a_0_0_a_0_0_a_a.a#a0a0a0a0a0a0a0a0N
Aa.Aa.AaAa.AaAa	a_a_0_0_a_0_0_a_a.a#a0a0a0a0a0a0a0N
Aa.Aa.AaAa.AaAaAaAa	a_a_0_0_a_0_0_a_a.a#a0a0a0a0a0a0a0a0N
Aa.Aa.AaAa.AaAaAaAa	a_a_0_0_a_0_0_a_a.a#a0a0a0a0a0a0a0a0a0a0a0a0N
Aa.AaAaAa.aAa	a_a_0_0_a_a_a.a#a0a0a0a0a0a0a0a0a0a0N
Aa.Aa.AaAaAaA.a	a_a_0_0_a_0_0_a_a_a_a_a.a#a0a0a0a0a0a0a0a0a0N
Aa.Aa.AaAa.a	a_a_0_0_a_0_0_a_a_a_a_a.a#a0a0a0a0a0a0a0a0a0N
Aa.Aa.AaAa.a	a_a_0_0_a_0_0_a_a_a_a_a.a#a0a0a0a0a0a0a0a0a0N
Aa.AaAa.AaAa.aAaAa	a_a_0_0_a_a_0_0_a_a.a#a0a0a0a0a0a0aN
Aa.AaAa.AaAa.aAaAa	a_a_0_0_a_a_0_0_a_a.a#a0a0a0a0a0a0a0N
Aa.AaAa.AaAa.aAaAa	a_a_0_0_a_a_0_0_a_a.a#a0a0a0a0a0a0N
Aa.AaAa.AaAa.aAaAa	a_a_0_0_a_a_0_0_a_a.a#a0a0a0a0a0a0a0N
Aa.AaAa.AaAa.aAaAa	a_a_0_0_a_a_0_0_a_a.a#a0a0a0a0a0a0a0aN
Aa.AaAa.AaAa.aAaAa	a_a_0_0_a_a_0_0_a_a.a#a0a0a0a0a0a0a0a0a0a0N
Aa.AaAa.AaAa.aAaAa	a_a_0_0_a_a_0_0_a_a.a#a0a0a0a0a0a0a0a0N
Aa.AaAa.AaAa.aAaAa	a_a_0_0_a_a_0_0_a_a.a#a0a0a0a0a0a0a0a0a0a0N
Aa.AaAa.AaAa.aAaAa	a_a_0_0_a_a_0_0_a_a.a#a0a0a0a0a0a0a0aN
Aa.AaAa.AaAa.aAaAa	a_a_0_0_a_a_0_0_a_a.a#a0a0a0a0a0a0a0N
Aa.AaAa.AaAa.aAa	a_a_0_0_a_a_0_0_a_a.a#a0a0a0a0a0a0a0a0a0N
Aa.AaAa.AaAa.aAa	a_a_0_0_a_a_0_0_a_a.a#a0a0a0a0a0a0a0aN
Aa.AaAa.AaAa.aAaAa	a_a_0_0_a_a_0_0_a_a.a#a0a0a0a0a0a0a0a0a0N
Aa.AaAa.AaAa.aAaAaAa	a_a_0_0_a_a_0_0_a_a.a#a0a0a0a0a0a0a0a0a0a0N
Aa.AaAa.AaAa.aAaAaAa	a_a_0_0_a_a_0_0_a_a.a#a0a0a0a0a0a0a0aN
Aa.AaAa.AaAa.aAaAa	a_a_0_0_a_a_0_0_a_a.a#a0a0a0a0a0a0a0a0a0a0a0N
Aa.AaAa.AaAa.aAaAa	a_a_0_0_a_a_0_0_a_a.a#a0a0a0a0a0a0a0a0N
Aa.AaAa.AaAa.aAaAa	a_a_0_0_a_a_0_0_a_a.a#a0a0a0a0a0a0a0a0a0N
Aa.AaAa.AaAa.aAa	a_a_0_0_a_a_0_0_a_a.a#a0a0a0a0a0a0a0a0a0a0a0a0N
Aa.AaAa.AaAa.aAa	a_a_0_0_a_a_0_0_a_a.a#a0a0a0a0a0a0a0a0a0N
Aa.Aa.AaAa.aAa	a_a_0_0_a_0_0_a_a.a#a0a0a0a0a0a0aN
Aa.Aa.AaAa.a	a_a_0_0_a_0_0_a_a.a#a0a0a0a0a0a0a0a0a0a0aN
Aa.Aa.AaAa.a	a_a_0_0_a_0_0_a_a.a#a0a0a0a0a0a0a0a0a0aN
Aa.Aa.AaAa.aAa	a_a_0_0_a_0_0_a_a.a#a0a0a0a0a0a0aN
Aa.Aa.AaAa.aAaAa	a_a_0_0_a_0_0_a_a.a#a0a0a0a0a0a0a0a0a0a0N
Aa.Aa.AaAa.aAa	a_a_0_0_a_0_0_a_a.a#a0a0a0a0a0a0a0a0N
Aa.Aa.AaAa.a	a_a_0_0_a_0_0_a_a.a#a0a0a0a0a0a0a0a0a0aN
Aa.AaAa.a	a_a_0_0_a_a.a#a0a0a0a0a0a0a0a0N
Aa.Aa.AaAaA.a	a_a_0_0_a_0_0_a_a_a_a.a#a0a0a0a0a0a0a0aN
Aa.Aa.AaAaA.aAa	a_a_0_0_a_0_0_a_a_a_a.a#a0a0a0a0a0a0aN
Aa.Aa.AaAaA.aAaAaAa	a_a_0_0_a_0_0_a_a_a_a.a#a0a0a0a0a0a0a0aN
Aa.Aa.AaAaA.aAa	a_a_0_0_a_0_0_a_a_a_a.a#a0a0a0a0a0a0aN
Aa.Aa.AaAaAa.a	a_a_0_0_a_0_0_a_a_a.a#a0a0a0a0a0a0a0aN
Aa.Aa.AaAaAa.aAa	a_a_0_0_a_0_0_a_a_a.a#a0a0a0a0a0a0aN
Aa.Aa.AaAaAa.aAaAaAa	a_a_0_0_a_0_0_a_a_a.a#a0a0a0a0a0a0a0aN
Aa.Aa.AaAaAa.aAa	a_a_0_0_a_0_0_a_a_a.a#a0a0a0a0a0a0aN
Aa.Aa.AaAaAa.a	a_a_0_0_a_0_0_a_a_a.a#a0a0a0a0a0a0a0a0a0a0aN
Aa.Aa.AaAaAa.aAaAa	a_a_0_0_a_0_0_a_a_a.a#a0a0a0a0a0a0a0a0a0N
Aa.Aa.AaAaAa.a	a_a_0_0_a_0_0_a_a_a.a#a0a0a0a0a0a0a0a0a0aN
Aa.Aa.AaAaAa.aAa	a_a_0_0_a_0_0_a_a_a.a#a0a0a0a0a0a0a0N
Aa.AaAa.a	a_a_0_0_a_a.a#a0a0a0a0a0a0a0a0aN
Aa.AaAaAa.a	a_a_0_0_a_a_a.a#a0a0a0a0a0a0a0a0a0N
Aa.AaAaAa.aAa	a_a_0_0_a_a_a.a#a0a0a0a0a0a0a0aN
Aa.AaAaAa.aAa	a_a_0_0_a_a_a.a#a0a0a0a0a0a0a0a0N
Aa.AaAaAa.aAa	a_a_0_0_a_a_a.a#a0a0a0a0a0a0a0a0a0N
Aa.AaAaAa.aAaAa	a_a_0_0_a_a_a.a#a0a0a0a0a0a0a0a0a0N
Aa.AaAaAa.aAaAa	a_a_0_0_a_a_a.a#a0a0a0a0a0a0a0a0aN
Aa.AaAaAa.aAa	a_a_0_0_a_a_a.a#a0a0a0a0a0a0a0aN
Aa.AaAaAa.aAa	a_a_0_0_a_a_a.a#a0a0a0a0a0N
Aa.AaAaAa.aAa	a_a_0_0_a_a_a.a#a0a0a0a0a0a0a0a0a0aN
Aa.AaAaAa.aAa	a_a_0_0_a_a_a.a#a0a0a0a0a0a0a0aN
Aa.AaAaAa.aAaAa	a_a_0_0_a_a_a.a#a0a0a0a0a0a0a0a0aN
Aa.AaAaAa.aAa	a_a_0_0_a_a_a.a#a0a0a0a0a0a0a0a0a0a0N
Aa.AaAa.a	a_a_0_0_a_a.a#a0a0a0a0a0a0a0a0aN
Aa.AaAa.aAa	a_a_0_0_a_a.a#a0a0a0a0a0a0a0aN
Aa.AaAa.aAa	a_a_0_0_a_a.a#a0a0a0a0a0a0a0a0N
Aa.AaAa.a	a_a_0_0_a_a.a#a0a0a0a0a0a0a0a0a0a0N
Aa.AaAa.aAaAa	a_a_0_0_a_a.a#a0a0a0a0a0a0a0a0N
Aa.AaAa.aAa	a_a_0_0_a_a.a#a0a0a0a0a0a0a0a0a0N
Aa.AaAa.aAa	a_a_0_0_a_a.a#a0a0a0a0a0a0a0a0N
Aa.AaAa.a	a_a_0_0_a_a.a#a0a0a0a0a0a0a0a0a0a0N
Aa.AaAa.a	a_a_0_0_a_a.a#a0a0a0a0a0a0a0a0aN
Aa.AaAa.a	a_a_0_0_a_a.a#a0a0a0a0a0a0a0a0a0a0N
Aa.AaAa.aAaAa	a_a_0_0_a_a.a#a0a0a0a0a0a0a0a0aN
Aa.AaAa.a	a_a_0_0_a_a.a#a0a0a0a0a0a0N
Aa.AaAa.a	a_a_0_0_a_a.a#a0a0a0a0a0a0a0a0a0a0N
Aa.AaAa.aAa	a_a_0_0_a_a.a#a0a0a0a0a0a0a0a0a0aN
Aa.AaAa.aAa	a_a_0_0_a_a.a#a0a0a0a0a0a0a0a0a0N
Aa.AaAa.a	a_a_0_0_a_a.a#a0a0a0a0a0a0aN
Aa.AaAa.aAa	a_a_0_0_a_a.a#a0a0a0a0a0a0aN
Aa.AaAa.aAaAa	a_a_0_0_a_a.a#a0a0a0a0a0a0a0a0N
Aa.AaAa.aAaAaAa	a_a_0_0_a_a.a#a0a0a0a0a0a0N
Aa.AaAa.aAa	a_a_0_0_a_a.a#a0a0a0a0a0a0a0aN
Aa.AaAa.aAa	a_a_0_0_a_a.a#a0a0a0a0a0a0a0N
Aa.AaAa.a	a_a_0_0_a_a.a#a0a0a0a0a0a0a0a0aN
Aa.AaAa.a	a_a_0_0_a_a.a#a0a0a0a0a0a0a0a0N
Aa.AaAa.a	a_a_0_0_a_a.a#a0a0a0a0a0a0a0a0a0aN
Aa.AaAa.AaAa	a_a_0_0_a_a.a#a0a0a0a0a0a0a0aN
Aa.AaAa.aAaAa	a_a_0_0_a_a.a#a0a0a0a0a0a0a0a0N
Aa.AaAa.aAaAa	a_a_0_0_a_a.a#a0a0a0a0a0a0a0a0N
Aa.AaAa.aAaAaA	a_a_0_0_a_a.a#a0a0a0a0a0a0a0N
Aa.AaAa.AaAaAa	a_a_0_0_a_a.a#a0a0a0a0a0a0a0a0a0aN
Aa.AaAa.aAaAa	a_a_0_0_a_a.a#a0a0a0a0a0a0a0a0a0a0N
Aa.AaAa.aAaAa	a_a_0_0_a_a.a#a0a0a0a0a0a0a0a0a0N
Aa.AaAa.aAaAa	a_a_0_0_a_a.a#a0a0a0a0a0a0a0a0N
Aa.AaAa.AaAaAa	a_a_0_0_a_a.a#a0a0a0a0a0a0a0aN
Aa.AaAa.AaAaAa	a_a_0_0_a_a.a#a0a0a0a0a0a0a0a0a0a0aN
Aa.AaAa.aAa	a_a_0_0_a_a.a#a0a0a0a0a0a0a0a0a0N
Aa.AaAa.aAa	a_a_0_0_a_a.a#a0a0a0a0a0a0N
Aa.AaAa.a	a_a_0_0_a_a.a#a0a0a0a0a0N
Aa.AaAa.AaAaAa	a_a_0_0_a_a.a#a0a0a0a0a0a0a0N
Aa.AaAa.a	a_a_0_0_a_a.a#a0a0a0a0a0a0a0a0N
Aa.AaAa.aAaAa	a_a_0_0_a_a.a#a0a0a0a0a0a0a0a0a0N
Aa.AaAa.aAaAaAa	a_a_0_0_a_a.a#a0a0a0a0a0a0a0aN
Aa.AaAa.aAaAa	a_a_0_0_a_a.a#a0a0a0a0a0a0a0a0a0a0N
Aa.AaAa.aAaAa	a_a_0_0_a_a.a#a0a0a0a0a0a0a0a0a0a0aN
Aa.AaAa.aAaAaAa	a_a_0_0_a_a.a#a0a0a0a0a0a0a0a0N
Aa.AaAa.AaAaAaAa	a_a_0_0_a_a.a#a0a0a0a0a0a0a0N
Aa.AaAa.AaAaA	a_a_0_0_a_a.a#a0a0a0a0a0a0a0a0a0aN
Aa.AaAa.AaAa	a_a_0_0_a_a.a#a0a0a0a0a0a0a0a0N
Aa.AaAa.aAa	a_a_0_0_a_a.a#a0a0a0a0a0a0N
Aa.AaAa.aAa	a_a_0_0_a_a.a#a0a0a0a0a0a0a0a0N
Aa.AaAa.a	a_a_0_0_a_a.a#a0a0a0a0a0a0a0a0a0aN
Aa.AaAa.AaAaAa	a_a_0_0_a_a.a#a0a0a0a0a0a0a0a0a0a0aN
Aa.AaAa.AaAaAa	a_a_0_0_a_a.a#a0a0a0a0a0a0a0N
Aa.AaAa.aAa	a_a_0_0_a_a.a#a0a0a0a0a0a0aN
Aa.AaAa.a	a_a_0_0_a_a.a#a0a0a0a0a0a0N
Aa.AaAa.aAa	a_a_0_0_a_a.a#a0a0a0a0a0a0a0a0aN
Aa.AaAa.aAa	a_a_0_0_a_a.a#a0a0a0a0a0a0a0aN
Aa.AaAa.aAaAa	a_a_0_0_a_a.a#a0a0a0a0a0a0a0N
Aa.AaAa.a	a_a_0_0_a_a.a#a0a0a0a0a0a0a0a0a0N
Aa.AaAa.aAa	a_a_0_0_a_a.a#a0a0a0a0a0a0a0a0a0N
Aa.AaAa.a	a_a_0_0_a_a.a#a0a0a0a0a0a0a0a0a0a0N
Aa.AaAa.aAa	a_a_0_0_a_a.a#a0a0a0a0a0a0a0a0a0aN
Aa.AaAa.aAa	a_a_0_0_a_a.a#a0a0a0a0a0a0a0a0a0N
Aa.AaAa.a	a_a_0_0_a_a.a#a0a0a0a0a0a0aN
Aa.AaAa.aAa	a_a_0_0_a_a.a#a0a0a0a0a0a0aN
Aa.AaAa.aAaAa	a_a_0_0_a_a.a#a0a0a0a0a0a0a0a0N
Aa.AaAa.aAaAaAa	a_a_0_0_a_a.a#a0a0a0a0a0a0N
Aa.AaAa.a	a_a_0_0_a_a.a#a0a0a0a0a0a0a0a0a0aN
Aa.AaAa.aAa	a_a_0_0_a_a.a#a0a0a0a0a0a0a0a0N
Aa.AaAa.aAa	a_a_0_0_a_a.a#a0a0a0a0a0a0a0aN
Aa.AaAa.aAa	a_a_0_0_a_a.a#a0a0a0a0a0a0a0N
Aa.AaAa.a	a_a_0_0_a_a.a#a0a0a0a0a0a0a0a0a0aN
Aa.AaAa.a	a_a_0_0_a_a.a#a0a0a0a0a0a0N
Aa.AaAa.a	a_a_0_0_a_a.a#a0a0a0a0a0N
Aa.AaAa.AaAa	a_a_0_0_a_a.a#a0a0a0a0a0a0a0aN
Aa.AaAaAa.a	a_a_0_0_a_a_a.a#a0a0a0a0a0a0a0a0aN
Aa.AaAaAa.aAa	a_a_0_0_a_a_a.a#a0a0a0a0a0a0a0aN
Aa.AaAaAa.a	a_a_0_0_a_a_a.a#a0a0a0a0a0a0a0a0a0a0aN
Aa.AaAaAa.a	a_a_0_0_a_a_a.a#a0a0a0a0a0a0a0aN
Aa.AaAaAa.aAa	a_a_0_0_a_a_a.a#a0a0a0a0a0a0aN
Aa.AaAaAa.aAaAaAaAa	a_a_0_0_a_a_a.a#a0a0a0a0a0a0a0aN
Aa.AaAa.aAa	a_a_0_0_a_a.a#a0a0a0a0a0a0a0a0N
Aa.AaAa.a	a_a_0_0_a_a.a#a0a0a0a0a0a0a0aN
Aa.AaAa.a	a_a_0_0_a_a.a#a0a0a0a0a0a0a0a0a0a0a0N
Aa.AaAa.a	a_a_0_0_a_a.a#a0a0a0a0a0a0a0N
Aa.AaAa.a	a_a_0_0_a_a.a#a0a0a0a0a0a0a0a0a0aN
Aa.AaAa.a	a_a_0_0_a_a.a#a0a0a0a0a0a0a0a0aN
Aa.AaAa.a	a_a_0_0_a_a.a#a0a0a0a0a0a0a0a0a0N
Aa.AaAa.aAaAaAa	a_a_0_0_a_a.a#a0a0a0a0a0a0a0a0N
Aa.AaAa.a	a_a_0_0_a_a.a#a0a0a0a0a0a0N
Aa.AaAa.a	a_a_0_0_a_a.a#a0a0a0a0a0a0a0aN
Aa.AaAa.a	a_a_0_0_a_a.a#a0a0a0a0a0a0a0a0a0N
Aa.AaAa.aAa	a_a_0_0_a_a.a#a0a0a0a0a0a0a0a0a0a0a0a0N
Aa.AaAa.aAaAa	a_a_0_0_a_a.a#a0a0a0a0a0a0a0N
Aa.AaAa.AaAaAa.aAaAa	a_a_0_0_a_a_0_0_a_a_a.a#a0a0a0a0a0a0N
Aa.AaAa.AaAaAa.a	a_a_0_0_a_a_0_0_a_a_a.a#a0a0a0a0a0a0a0a0a0aN
Aa.AaAa.AaAaAa.a	a_a_0_0_a_a_0_0_a_a_a.a#a0a0a0a0a0a0a0a0a0a0N
Aa.Aa.a	a_a_0_0_a_a_a.a#a0a0a0a0a0a0a0a0N
Aa.Aa.aAa	a_a_0_0_a_a_a.a#a0a0a0a0a0a0a0aN
Aa.Aa.aAa	a_a_0_0_a_a_a.a#a0a0a0a0a0a0a0a0a0N
Aa.Aa.aAa	a_a_0_0_a_a_a.a#a0a0a0a0a0a0a0a0aN
Aa.Aa.aAa	a_a_0_0_a_a_a.a#a0a0a0a0a0a0a0a0aN
Aa.Aa.aA	a_a_0_0_a_a_a.a#a0a0a0a0a0a0a0a0N
Aa.Aa.aAa	a_a_0_0_a_a_a.a#a0a0a0a0a0a0a0a0a0N
Aa.Aa.a	a_a_0_0_a_a_a.a#a0a0a0a0a0a0a0a0N
Aa.Aa.a	a_a_0_0_a_a_a.a#a0a0a0a0a0a0a0a0N
Aa.AaAa.aAa	a_a_0_0_a_a.a#a0a0a0a0a0a0a0a0a0a0N
Aa.AaAa.aAa	a_a_0_0_a_a.a#a0a0a0a0a0a0a0a0N
Aa.AaAa.a	a_a_0_0_a_a.a#a0a0a0a0a0a0aN
Aa.AaAa.aAa	a_a_0_0_a_a.a#a0a0a0a0a0a0a0N
Aa.AaAa0.a	a_a_0_0_a_a0.a#a0a0a0a0a0a0aN
Aa.AaAa0.aAa	a_a_0_0_a_a0.a#a0a0a0a0a0a0a0a0a0a0N
Aa.AaAa0.a	a_a_0_0_a_a0.a#a0a0a0a0a0a0aN
Aa.AaAa0.aAa	a_a_0_0_a_a0.a#a0a0a0a0a0a0a0N
Aa.AaAa0.a0	a_a_0_0_a_a0.a#a0a0a0a0a0a0a0aN
Aa.AaAa0.a0	a_a_0_0_a_a0.a#a0a0a0a0a0a0a0a0a0aN
Aa.AaAa0.aAa0	a_a_0_0_a_a0.a#a0a0a0a0a0a0a0a0a0a0N
Aa.AaAa0.aAa0	a_a_0_0_a_a0.a#a0a0a0a0a0a0a0a0aN
Aa.AaAa0.aAaAa	a_a_0_0_a_a0.a#a0a0a0a0a0a0a0a0N
Aa.AaAa0.AaAa	a_a_0_0_a_a0.a#a0a0a0a0a0a0a0a0N
Aa.AaAa0.AaAaAa	a_a_0_0_a_a0.a#a0a0a0a0a0a0a0N
Aa.AaAa0.a	a_a_0_0_a_a0.a#a0a0a0a0a0a0a0a0a0a0aN
Aa.AaAa0.aAa	a_a_0_0_a_a0.a#a0a0a0a0a0a0a0a0a0a0N
Aa.AaAa0.a	a_a_0_0_a_a0.a#a0a0a0a0a0a0aN
Aa.AaAa0.aAa	a_a_0_0_a_a0.a#a0a0a0a0a0a0a0N
Aa.AaAa0.a0	a_a_0_0_a_a0.a#a0a0a0a0a0a0a0aN
Aa.AaAa0.a0	a_a_0_0_a_a0.a#a0a0a0a0a0a0a0a0a0aN
Aa.AaAa0.aAa0	a_a_0_0_a_a0.a#a0a0a0a0a0a0a0aN
Aa.AaAa0.aAa0	a_a_0_0_a_a0.a#a0a0a0a0a0a0a0a0a0a0N
Aa.AaAa0.aAa	a_a_0_0_a_a0.a#a0a0a0a0a0a0a0aN
Aa.AaAa0.aAaAa	a_a_0_0_a_a0.a#a0a0a0a0a0a0a0a0N
Aa.AaAa0.aAa	a_a_0_0_a_a0.a#a0a0a0a0a0a0a0a0a0N
Aa.AaAa0.AaAa	a_a_0_0_a_a0.a#a0a0a0a0a0a0a0a0N
Aa.AaAa0.AaAaAa	a_a_0_0_a_a0.a#a0a0a0a0a0a0a0N
Aa.AaAa0Aa.a	a_a_0_0_a_a0_a.a#a0a0a0a0a0a0a0a0a0a0N
Aa.AaAa0Aa.aA	a_a_0_0_a_a0_a.a#a0a0a0a0a0a0a0a0a0N
Aa.AaAa0Aa.aA	a_a_0_0_a_a0_a.a#a0a0a0a0a0a0a0N
Aa.Aa.AaAa.a	a_a_0_0_a_0_0_a_a.a#a0a0a0a0a0a0a0a0N
Aa.Aa.AaAa.a	a_a_0_0_a_0_0_a_a.a#a0a0a0a0a0a0a0a0aN
Aa.Aa.AaAa.aAa	a_a_0_0_a_0_0_a_a.a#a0a0a0a0a0a0a0a0N
Aa.Aa.AaAaAa.aAa	a_a_0_0_a_0_0_a_a_a.a#a0a0a0a0a0a0N
Aa.Aa.AaAaAa.a	a_a_0_0_a_0_0_a_a_a.a#a0a0a0a0a0a0a0aN
Aa.A.AaAa.a	a_a_0_0_a_a_a_0_0_a_a.a#a0a0a0a0a0a0a0N
Aa.A.AaAa.a	a_a_0_0_a_a_a_0_0_a_a.a#a0a0a0a0a0a0a0a0a0N
Aa.A.AaAa.a	a_a_0_0_a_a_a_0_0_a_a.a#a0a0a0a0a0a0a0a0a0a0N
Aa.A.AaAa.a	a_a_0_0_a_a_a_0_0_a_a.a#a0a0a0a0a0a0a0N
Aa.A.AaAa.a	a_a_0_0_a_a_a_0_0_a_a.a#a0a0a0a0a0a0a0a0a0aN
Aa.A.AaAa.a	a_a_0_0_a_a_a_0_0_a_a.a#a0a0a0a0a0a0a0N
Aa.A.AaAa.a	a_a_0_0_a_a_a_0_0_a_a.a#a0a0a0a0a0a0a0a0a0N
Aa.AaAa.aAaAa	a_a_0_0_a_a.a#a0a0a0a0a0a0a0a0a0N
Aa.Aa.AaAaAa.a	a_a_0_0_a_0_0_a_a_a.a#a0a0a0a0a0a0a0a0a0N
Aa.Aa.AaAaAa.aAa	a_a_0_0_a_0_0_a_a_a.a#a0a0a0a0a0a0a0a0aN
Aa.Aa.AaAaAa.aAa	a_a_0_0_a_0_0_a_a_a.a#a0a0a0a0a0a0a0aN
Aa.Aa.AaAaAa.aAa	a_a_0_0_a_0_0_a_a_a.a#a0a0a0a0a0a0a0N
Aa.Aa.AaAaAa.a	a_a_0_0_a_0_0_a_a_a.a#a0a0a0a0a0a0a0a0a0a0a0N
Aa.Aa.AaAaAa.aAa	a_a_0_0_a_0_0_a_a_a.a#a0a0a0a0a0a0a0a0a0N
Aa.Aa.aAa	a_a_0_0_a.a#a0a0a0a0a0a0a0N
Aa.Aa.aA	a_a_0_0_a.a#a0a0a0a0a0a0a0a0aN
Aa.Aa.aAaAa	a_a_0_0_a.a#a0a0a0a0a0a0a0a0a0a0N
Aa.Aa.aAa	a_a_0_0_a.a#a0a0a0a0a0a0a0a0a0a0a0N
Aa.Aa.aAaAa	a_a_0_0_a.a#a0a0a0a0a0a0a0a0a0N
Aa.Aa.aAaAa	a_a_0_0_a.a#a0a0a0a0a0a0a0N
Aa.Aa.aAaAa	a_a_0_0_a.a#a0a0a0a0a0a0a0a0N
Aa.Aa.aAa	a_a_0_0_a.a#a0a0a0a0a0a0a0N
Aa.Aa.a	a_a_0_0_a.a#a0a0a0a0a0a0a0a0aN
Aa.Aa.a	a_a_0_0_a.a#a0a0a0a0a0a0a0a0a0aN
Aa.Aa.aAa	a_a_0_0_a.a#a0a0a0a0a0a0a0a0a0a0a0N
Aa.Aa.a	a_a_0_0_a.a#a0a0a0a0a0a0a0a0N
Aa.Aa.aAa	a_a_0_0_a.a#a0a0a0a0a0a0N
Aa.Aa.aAa	a_a_0_0_a.a#a0a0a0a0a0a0a0a0a0a0N
Aa.Aa.aAa	a_a_0_0_a.a#a0a0a0a0a0a0a0a0N
Aa.Aa.a	a_a_0_0_a.a#a0a0a0a0a0a0a0a0N
Aa.Aa.aAa	a_a_0_0_a.a#a0a0a0a0a0a0a0a0a0a0N
Aa.Aa.aAa	a_a_0_0_a.a#a0a0a0a0a0a0aN
Aa.Aa.a	a_a_0_0_a.a#a0a0a0a0a0a0N
Aa.Aa.aAaAa	a_a_0_0_a.a#a0a0a0a0a0a0a0N
Aa.Aa.aAa	a_a_0_0_a.a#a0a0a0a0a0a0a0a0a0N
Aa.Aa.a	a_a_0_0_a.a#a0a0a0a0a0a0a0N
Aa.Aa.aAa	a_a_0_0_a.a#a0a0a0a0a0a0a0a0aN
Aa.Aa.AaAaAa	a_a_0_0_a.a#a0a0a0a0a0a0a0a0aN
Aa.AaAaAa.a	a_a_0_0_a_a_a.a#a0a0a0a0a0a0aN
Aa.AaAa.aA	a_a_0_0_a_a.a#a0a0a0a0a0a0a0a0a0N
Aa.AaAa.AaAaAa	a_a_0_0_a_a.a#a0a0a0a0a0a0a0a0aN
Aa.AaAa.a	a_a_0_0_a_a.a#a0a0a0a0a0a0a0a0a0a0N
Aa.AaAa.a	a_a_0_0_a_a.a#a0a0a0a0a0a0aN
Aa.AaAa.aA	a_a_0_0_a_a.a#a0a0a0a0a0a0a0aN
Aa.AaAa.aAaAa	a_a_0_0_a_a.a#a0a0a0a0a0a0aN
Aa.Aa.AaAa.aAa	a_a_0_0_a_0_0_a_a.a#a0a0a0a0a0a0a0N
Aa.Aa.AaAa.aAaAa	a_a_0_0_a_0_0_a_a.a#a0a0a0a0a0a0a0a0N
Aa.Aa.AaAa.aAaAaAa	a_a_0_0_a_0_0_a_a.a#a0a0a0a0a0a0a0a0a0N
Aa.Aa.AaAa.a	a_a_0_0_a_0_0_a_a.a#a0a0a0a0a0a0N
Aa.Aa.AaAa.aAa	a_a_0_0_a_0_0_a_a.a#a0a0a0a0a0a0a0aN
Aa.AaAa.a	a_a_0_0_a_a.a#a0a0a0a0a0a0a0a0aN
Aa.AaAa.aAa	a_a_0_0_a_a.a#a0a0a0a0a0a0a0a0a0N
Aa.AaAa.a	a_a_0_0_a_a.a#a0a0a0a0a0a0a0a0a0aN
Aa.AaAa.a	a_a_0_0_a_a.a#a0a0a0a0a0a0a0N
Aa.AaAa.aA	a_a_0_0_a_a.a#a0a0a0a0a0a0a0a0a0N
Aa.AaAa.AaAa	a_a_0_0_a_a.a#a0a0a0a0a0a0N
Aa.AaAa.Aa0Aa	a_a_0_0_a_a.a#a0a0a0a0a0a0a0a0N
Aa.AaAa.Aa0Aa	a_a_0_0_a_a.a#a0a0a0a0a0a0a0N
Aa.AaAa.Aa0Aa	a_a_0_0_a_a.a#a0a0a0a0a0a0a0a0a0a0N
Aa.AaAa.Aa0Aa	a_a_0_0_a_a.a#a0a0a0a0a0a0aN
Aa.AaAa.a	a_a_0_0_a_a.a#a0a0a0a0a0a0aN
Aa.AaAa.a	a_a_0_0_a_a.a#a0a0a0a0a0a0aN
Aa.AaAa.a	a_a_0_0_a_a.a#a0a0a0a0a0a0a0aN
Aa.AaAa.a	a_a_0_0_a_a.a#a0a0a0a0a0a0a0a0a0a0N
Aa.AaAa.aAa	a_a_0_0_a_a.a#a0a0a0a0a0a0a0N
Aa.AaAa.a	a_a_0_0_a_a.a#a0a0a0a0a0N
Aa.AaAa.a	a_a_0_0_a_a.a#a0a0a0a0a0a0a0aN
Aa.AaAa.a	a_a_0_0_a_a.a#a0a0a0a0a0a0a0a0N
Aa.AaAa.aAaA	a_a_0_0_a_a.a#a0a0a0a0a0a0a0N
Aa.AaAa.aAaAa	a_a_0_0_a_a.a#a0a0a0a0a0a0N
Aa.AaAa.aAaAa	a_a_0_0_a_a.a#a0a0a0a0a0a0a0a0a0aN
Aa.AaAa.aAa	a_a_0_0_a_a.a#a0a0a0a0a0aN
Aa.AaAa.aAa	a_a_0_0_a_a.a#a0a0a0a0a0a0a0N
Aa.AaAa.aAa	a_a_0_0_a_a.a#a0a0a0a0a0a0a0a0a0N
Aa.AaAa.a	a_a_0_0_a_a.a#a0a0a0a0a0a0aN
Aa.AaAaAa.aAaAa	a_a_0_0_a_a_a.a#a0a0a0a0a0a0a0a0aN
Aa.AaAaAa.aAaAaAa	a_a_0_0_a_a_a.a#a0a0a0a0a0a0a0N
Aa.Aa.AaAaAa.aAa	a_a_0_0_a_0_0_a_a_a.a#a0a0a0a0a0a0a0a0a0a0N
Aa.Aa.AaAaAa.aAa	a_a_0_0_a_0_0_a_a_a.a#a0a0a0a0a0a0a0a0a0N
Aa.Aa.AaAaAa.a	a_a_0_0_a_0_0_a_a_a.a#a0a0a0a0a0a0aN
Aa.Aa.AaAaAa.aAa	a_a_0_0_a_0_0_a_a_a.a#a0a0a0a0a0a0a0aN
Aa.Aa.AaAaAa.aAa	a_a_0_0_a_0_0_a_a_a.a#a0a0a0a0a0a0a0a0a0aN
Aa.Aa.AaAaAa.aAa	a_a_0_0_a_0_0_a_a_a.a#a0a0a0a0a0a0a0N
Aa.Aa.AaAaAa.aAa	a_a_0_0_a_0_0_a_a_a.a#a0a0a0a0a0a0aN
Aa.Aa.AaAaAa.a	a_a_0_0_a_0_0_a_a_a.a#a0a0a0a0a0a0a0aN
Aa.Aa.AaAaAa.aAa	a_a_0_0_a_0_0_a_a_a.a#a0a0a0a0a0a0a0a0a0a0N
Aa.Aa.AaAaAa.a	a_a_0_0_a_0_0_a_a_a.a#a0a0a0a0a0a0a0aN
Aa.Aa.AaAaAa.aAaAa	a_a_0_0_a_0_0_a_a_a.a#a0a0a0a0a0a0a0a0N
Aa.Aa.AaAaAa.aAa	a_a_0_0_a_0_0_a_a_a.a#a0a0a0a0a0a0N
Aa.Aa.AaAaAa.aAa	a_a_0_0_a_0_0_a_a_a.a#a0a0a0a0a0a0a0a0a0a0N
Aa.Aa.AaAaAa.a	a_a_0_0_a_0_0_a_a_a.a#a0a0a0a0a0a0a0a0a0N
Aa.AaAa.Aa	a_a_0_0_a_a.a#a0a0a0a0a0a0a0a0a0N
Aa.AaAa.Aa	a_a_0_0_a_a.a#a0a0a0a0a0a0a0a0aN
Aa.Aa.a	a_a_0_0_a.a#a0a0a0a0a0a0a0aN
Aa.Aa.a	a_a_0_0_a.a#a0a0a0a0a0aN
Aa.Aa.a	a_a_0_0_a.a#a0a0a0a0a0a0a0aN
Aa.Aa.a	a_a_0_0_a.a#a0a0a0a0a0a0a0a0a0a0N
Aa.Aa.aAa	a_a_0_0_a.a#a0a0a0a0a0a0a0N
Aa.AaAa.a	a_a_0_0_a_a.a#a0a0a0a0a0a0a0a0a0a0N
Aa.AaAa.a	a_a_0_0_a_a.a#a0a0a0a0a0a0a0a0a0aN
Aa.AaAa.aAa	a_a_0_0_a_a.a#a0a0a0a0a0a0a0a0N
Aa.AaAa.aAaAaAa	a_a_0_0_a_a.a#a0a0a0a0a0a0a0a0a0N
Aa.AaAa.a	a_a_0_0_a_a.a#a0a0a0a0a0N
Aa.AaAa.aAaAaAa	a_a_0_0_a_a.a#a0a0a0a0a0a0aN
Aa.AaAa.a	a_a_0_0_a_a.a#a0a0a0a0a0a0a0a0N
Aa.AaAa.a	a_a_0_0_a_a.a#a0a0a0a0a0aN
Aa.AaAa.a	a_a_0_0_a_a.a#a0a0a0a0a0a0a0a0N
Aa.AaAa.aAa	a_a_0_0_a_a.a#a0a0a0a0a0a0a0a0a0N
Aa.AaAa.aAa	a_a_0_0_a_a.a#a0a0a0a0a0a0N
Aa.AaAa.aAaAa	a_a_0_0_a_a.a#a0a0a0a0a0a0a0a0a0a0aN
Aa.AaAa.a0Aa	a_a_0_0_a_a.a#a0a0a0a0a0a0a0a0a0N
Aa.AaAa.aAa	a_a_0_0_a_a.a#a0a0a0a0a0a0a0a0N
Aa.AaAa.aAaAa	a_a_0_0_a_a.a#a0a0a0a0a0a0N
Aa.AaAaAa.aAaAaAaAa	a_a_0_0_a_a_a.a#a0a0a0a0a0a0a0a0a0a0a0aN
Aa.AaAa.AaAaAa	a_a_0_0_a_a_a_a.a#a0a0a0a0a0a0a0a0N
Aa.AaAa.AaAa	a_a_0_0_a_a_a_a.a#a0a0a0a0a0a0a0a0a0N
Aa.AaAa.aAa	a_a_0_0_a_a_a_a.a#a0a0a0a0a0a0a0a0a0N
Aa.AaAa.aAa	a_a_0_0_a_a_a_a.a#a0a0a0a0a0a0a0a0N
Aa.AaAa.aAa	a_a_0_0_a_a_a_a.a#a0a0a0a0a0a0a0a0N
Aa.AaAa.a	a_a_0_0_a_a_a_a.a#a0a0a0a0a0a0a0a0a0a0N
Aa.AaAa.a	a_a_0_0_a_a_a_a.a#a0a0a0a0a0a0a0aN
Aa.AaAa.a	a_a_0_0_a_a.a#a0a0a0a0a0a0a0a0N
Aa.AaAa.aAa	a_a_0_0_a_a.a#a0a0a0a0a0a0a0aN
Aa.Aa.a_Aa0_a_a	a_a_0_0_a.a#a0a0a0a0a0a0a0N
Aa.AaAaAa.a	a_a_0_0_a_a_a.a#a0a0a0a0a0a0a0a0N
Aa.AaAaAa.aAa	a_a_0_0_a_a_a.a#a0a0a0a0a0a0aN
Aa.AaAaAa.a	a_a_0_0_a_a_a.a#a0a0a0a0a0a0a0a0N
Aa.AaAaAa.a	a_a_0_0_a_a_a.a#a0a0a0a0a0a0a0a0aN
Aa.Aa.AaAa.AaAa.a	a_a_0_0_a_0_0_a_a_0_0_a_a.a#a0a0a0a0a0a0a0a0a0N
Aa.Aa.AaAa.AaAa.a	a_a_0_0_a_0_0_a_a_0_0_a_a.a#a0a0a0a0a0a0aN
Aa.Aa.AaAa.AaAa.aAa	a_a_0_0_a_0_0_a_a_0_0_a_a.a#a0a0a0a0a0a0a0a0a0N
Aa.Aa.AaAa.AaAa.aAa	a_a_0_0_a_0_0_a_a_0_0_a_a.a#a0a0a0a0a0a0a0a0aN
Aa.Aa.AaAa.AaAa.aAa	a_a_0_0_a_0_0_a_a_0_0_a_a.a#a0a0a0a0a0a0a0a0aN
Aa.Aa.AaAa.AaAa.a	a_a_0_0_a_0_0_a_a_0_0_a_a.a#a0a0a0a0a0a0a0N
Aa.Aa.AaAa.AaAa.a	a_a_0_0_a_0_0_a_a_0_0_a_a.a#a0a0a0a0a0aN
Aa.Aa.AaAa.AaAa.aAa	a_a_0_0_a_0_0_a_a_0_0_a_a.a#a0a0a0a0a0a0a0a0a0N
Aa.Aa.AaAa.AaAa.aAa	a_a_0_0_a_0_0_a_a_0_0_a_a.a#a0a0a0a0a0a0a0a0a0a0aN
Aa.Aa.AaAa.AaAa.a	a_a_0_0_a_0_0_a_a_0_0_a_a.a#a0a0a0a0a0a0a0a0a0a0a0N
Aa.Aa.AaAa.AaAa.a	a_a_0_0_a_0_0_a_a_0_0_a_a.a#a0a0a0a0a0a0a0a0a0N
Aa.Aa.AaAa.AaAa.a	a_a_0_0_a_0_0_a_a_0_0_a_a.a#a0a0a0a0a0a0a0a0N
Aa.Aa.AaAa.AaAa.a	a_a_0_0_a_0_0_a_a_0_0_a_a.a#a0a0a0a0a0a0a0N
Aa.Aa.AaAa.AaAa.a	a_a_0_0_a_0_0_a_a_0_0_a_a.a#a0a0a0a0a0a0a0aN
Aa.Aa.AaAa.AaAa.a	a_a_0_0_a_0_0_a_a_0_0_a_a.a#a0a0a0a0a0a0a0a0a0N
Aa.Aa.AaAa.aAaAaAaAa	a_a_0_0_a_0_0_a_a.a#a0a0a0a0a0a0a0a0a0N
Aa.Aa.AaAa.a	a_a_0_0_a_0_0_a_a.a#a0a0a0a0a0a0a0aN
Aa.Aa.AaAa.a	a_a_0_0_a_0_0_a_a.a#a0a0a0a0a0N
Aa.Aa.AaAa.aAa	a_a_0_0_a_0_0_a_a.a#a0a0a0a0a0a0a0a0a0a0N
Aa.Aa.AaAa.aAa	a_a_0_0_a_0_0_a_a.a#a0a0a0a0a0aN
Aa.Aa.AaAa.a	a_a_0_0_a_0_0_a_a.a#a0a0a0a0a0a0a0a0N
Aa.Aa.AaAa.aAa	a_a_0_0_a_0_0_a_a.a#a0a0a0a0a0a0a0a0aN
Aa.Aa.AaAa.aAaAa	a_a_0_0_a_0_0_a_a.a#a0a0a0a0a0a0a0a0N
Aa.Aa.AaAa.a	a_a_0_0_a_0_0_a_a.a#a0a0a0a0a0a0a0a0N
Aa.Aa.a	a_a_0_0_a.a#a0a0a0a0a0a0a0a0a0N
Aa.Aa.a	a_a_0_0_a.a#a0a0a0a0a0a0N
Aa.Aa.aAaAa	a_a_0_0_a.a#a0a0a0a0a0a0a0a0N
Aa.Aa.a	a_a_0_0_a.a#a0a0a0a0a0aN
Aa.Aa.A_A	a_a_0_0_a.a#a0a0a0a0a0a0a0N
Aa.Aa.a	a_a_0_0_a.a#a0a0a0a0a0a0a0a0a0aN
Aa.Aa.a	a_a_0_0_a.a#a0a0a0a0a0a0aN
Aa.Aa.a	a_a_0_0_a.a#a0a0a0a0a0a0a0a0a0N
Aa.AaAa.AaAa.aAa	a_a_0_0_a_a_0_0_a_a.a#a0a0a0a0a0a0a0a0aN
Aa.AaAa.AaAa.aAa	a_a_0_0_a_a_0_0_a_a.a#a0a0a0a0a0a0a0a0aN
Aa.AaAa.AaAa.aAa	a_a_0_0_a_a_0_0_a_a.a#a0a0a0a0a0a0a0a0a0N
Aa.AaAa.AaAa.a	a_a_0_0_a_a_0_0_a_a.a#a0a0a0a0a0a0a0a0N
Aa.AaAa.a	a_a_0_0_a_a.a#a0a0a0a0a0a0a0a0N
Aa.AaAa.a	a_a_0_0_a_a.a#a0a0a0a0a0a0a0aN
Aa.AaAa.a0	a_a_0_0_a_a.a#a0a0a0a0a0aN
Aa.AaAa.a0	a_a_0_0_a_a.a#a0a0a0a0a0a0a0N
Aa.AaAa.a	a_a_0_0_a_a.a#a0a0a0a0a0a0a0a0N
Aa.AaAa.a	a_a_0_0_a_a.a#a0a0a0a0a0a0a0a0a0aN
Aa.AaAa.a	a_a_0_0_a_a.a#a0a0a0a0a0a0a0N
Aa.AaAa.aAa	a_a_0_0_a_a.a#a0a0a0a0a0a0a0a0a0N
Aa.AaAa.aAa	a_a_0_0_a_a.a#a0a0a0a0a0a0aN
Aa.AaAa.a	a_a_0_0_a_a.a#a0a0a0a0a0a0a0aN
Aa.AaAa.aAaA	a_a_0_0_a_a.a#a0a0a0a0a0a0a0a0a0N
Aa.AaAa.aAa	a_a_0_0_a_a.a#a0a0a0a0a0a0aN
Aa.AaAa.aAaAaA	a_a_0_0_a_a.a#a0a0a0a0a0a0a0N
Aa.AaAa.aAaAa	a_a_0_0_a_a.a#a0a0a0a0a0a0a0aN
Aa.AaAa.a	a_a_0_0_a_a.a#a0a0a0a0a0a0a0a0a0a0a0N
Aa.Aa.AaAa.a	a_a_0_0_a_0_0_a_a.a#a0a0a0a0a0a0a0a0N
Aa.Aa.AaAa.a	a_a_0_0_a_0_0_a_a.a#a0a0a0a0a0a0a0N
Aa.Aa.AaAa.a	a_a_0_0_a_0_0_a_a.a#a0a0a0a0a0a0a0a0a0a0N
Aa.Aa.AaAa.aAa	a_a_0_0_a_0_0_a_a.a#a0a0a0a0a0a0a0a0N
Aa.Aa.AaAa.aAa	a_a_0_0_a_0_0_a_a.a#a0a0a0a0a0a0a0a0a0N
Aa.Aa.AaAa.a	a_a_0_0_a_0_0_a_a.a#a0a0a0a0a0a0a0a0aN
Aa.Aa.AaAa.a	a_a_0_0_a_0_0_a_a.a#a0a0a0a0a0a0a0a0a0a0a0a0N
Aa.Aa.AaAa.a	a_a_0_0_a_0_0_a_a.a#a0a0a0a0a0a0a0a0a0N
Aa.Aa.AaAa.a	a_a_0_0_a_0_0_a_a.a#a0a0a0a0a0a0a0a0a0N
Aa.AaAa.a	a_a_0_0_a_a.a#a0a0a0a0a0a0a0a0a0aN
Aa.AaAa.a	a_a_0_0_a_a.a#a0a0a0a0a0a0aN
Aa.AaAa.aAa	a_a_0_0_a_a.a#a0a0a0a0a0a0a0a0aN
Aa.AaAa.aAa	a_a_0_0_a_a.a#a0a0a0a0a0a0N
Aa.AaAa.aAaAa	a_a_0_0_a_a.a#a0a0a0a0a0a0a0a0a0a0aN
Aa.AaAa.a0Aa	a_a_0_0_a_a.a#a0a0a0a0a0a0a0a0a0N
Aa.AaAa.aAaAa	a_a_0_0_a_a.a#a0a0a0a0a0a0a0aN
Aa.AaAa.aAa	a_a_0_0_a_a.a#a0a0a0a0a0a0a0a0a0a0aN
Aa.AaAa.a	a_a_0_0_a_a.a#a0a0a0a0a0a0a0N
Aa.AaAa.Aa	a_a_0_0_a_a.a#a0a0a0a0a0a0a0aN
Aa.AaAa.Aa	a_a_0_0_a_a.a#a0a0a0a0a0a0N
Aa.AaAa.aAaAa	a_a_0_0_a_a.a#a0a0a0a0a0N
Aa.AaAa.a	a_a_0_0_a_a_a_a.a#a0a0a0a0a0a0a0a0a0N
Aa.AaAaAa.a0	a_a_0_0_a_a_a_a_a.a#a0a0a0a0a0a0a0a0N
Aa.AaAaAa.a0	a_a_0_0_a_a_a_a_a.a#a0a0a0a0a0a0a0a0a0aN
Aa.AaAaAa.a	a_a_0_0_a_a_a_a_a.a#a0a0a0a0a0a0a0a0N
Aa.AaAaAa.a	a_a_0_0_a_a_a_a_a.a#a0a0a0a0a0a0a0a0N
Aa.AaAa.AaAaAa	a_a_0_0_a_a.a#a0a0a0a0a0a0a0a0aN
Aa.AaAa.AaAaAa	a_a_0_0_a_a.a#a0a0a0a0a0N
Aa.AaAa.aAa	a_a_0_0_a_a.a#a0a0a0a0a0a0a0a0a0N
Aa.AaAa.aAa	a_a_0_0_a_a.a#a0a0a0a0a0a0aN
Aa.AaAa.aAaAa	a_a_0_0_a_a.a#a0a0a0a0a0a0a0N
Aa.AaAa.aAaAa	a_a_0_0_a_a.a#a0a0a0a0a0a0N
Aa.AaAa.aAaAa	a_a_0_0_a_a.a#a0a0a0a0a0a0a0a0a0a0aN
Aa.AaAa.aAaAa	a_a_0_0_a_a.a#a0a0a0a0a0a0a0a0N
Aa.AaAa.a	a_a_0_0_a_a.a#a0a0a0a0a0a0a0a0a0aN
Aa.AaAa.aAaAa	a_a_0_0_a_a.a#a0a0a0a0a0a0a0a0a0aN
Aa.AaAa.aAa	a_a_0_0_a_a.a#a0a0a0a0a0a0a0a0N
Aa.AaAa.aAaAa	a_a_0_0_a_a.a#a0a0a0a0a0a0a0a0aN
Aa.AaAa.aAa	a_a_0_0_a_a.a#a0a0a0a0a0a0a0a0a0N
Aa.AaAa.aAa	a_a_0_0_a_a.a#a0a0a0a0a0a0a0a0a0a0aN
Aa.AaAa.aAa	a_a_0_0_a_a.a#a0a0a0a0a0a0a0a0a0N
Aa.AaAa.aAa	a_a_0_0_a_a.a#a0a0a0a0a0a0a0aN
Aa.AaAa.aAaAaAa	a_a_0_0_a_a.a#a0a0a0a0a0a0a0a0a0a0N
Aa.AaAa.a	a_a_0_0_a_a.a#a0a0a0a0a0a0a0a0a0a0aN
Aa.AaAa.aAaAa	a_a_0_0_a_a.a#a0a0a0a0a0a0a0a0N
Aa.AaAa.aAa	a_a_0_0_a_a.a#a0a0a0a0a0a0a0a0a0N
Aa.AaAa.aAaAa	a_a_0_0_a_a.a#a0a0a0a0a0a0a0a0aN
Aa.AaAa.aAaA	a_a_0_0_a_a.a#a0a0a0a0a0a0a0a0a0aN
Aa.AaAa.aAaA	a_a_0_0_a_a.a#a0a0a0a0a0a0a0N
Aa.AaAa.aAa	a_a_0_0_a_a.a#a0a0a0a0a0a0a0N
Aa.AaAa.aAa	a_a_0_0_a_a.a#a0a0a0a0a0a0a0a0a0N
Aa.AaAa.aAa	a_a_0_0_a_a.a#a0a0a0a0a0a0a0N
Aa.AaAa.aAa	a_a_0_0_a_a.a#a0a0a0a0a0a0a0a0aN
Aa.AaAa.aAa	a_a_0_0_a_a.a#a0a0a0a0a0a0a0N
Aa.AaAaAa.aAaAa	a_a_0_0_a_a_a.a#a0a0a0a0a0a0a0N
Aa.Aa.AaAaAa.a	a_a_0_0_a_0_0_a_a_a.a#a0a0a0a0N
Aa.Aa.AaAaAa.aAa	a_a_0_0_a_0_0_a_a_a.a#a0a0a0a0a0a0a0N
Aa.Aa.AaAaAa.aAaAa	a_a_0_0_a_0_0_a_a_a.a#a0a0a0a0a0a0aN
Aa.Aa.AaAaAa.a	a_a_0_0_a_0_0_a_a_a.a#a0a0a0a0a0a0a0a0N
Aa.Aa.AaAaAa.aAa	a_a_0_0_a_0_0_a_a_a.a#a0a0a0a0a0a0a0aN
Aa.Aa.AaAaAa.aAaAa	a_a_0_0_a_0_0_a_a_a.a#a0a0a0a0a0a0a0a0a0aN
Aa.Aa.AaAaAa.AaAaAa	a_a_0_0_a_0_0_a_a_a.a#a0a0a0a0a0a0a0aN
Aa.Aa.AaAaAa.AaAaAa	a_a_0_0_a_0_0_a_a_a.a#a0a0a0a0a0a0a0a0N
Aa.AaAaAa.aAaAa	a_a_0_0_a_a_a.a#a0a0a0a0a0a0a0a0N
Aa.AaAaAa.a	a_a_0_0_a_a_a.a#a0a0a0a0a0N
Aa.AaAaAa.a	a_a_0_0_a_a_a.a#a0a0a0a0a0a0a0a0N
Aa.AaAaAa.a	a_a_0_0_a_a_a.a#a0a0a0a0a0a0a0N
Aa.AaAaAa.a	a_a_0_0_a_a_a.a#a0a0a0a0a0a0aN
Aa.AaAaAa._a	a_a_0_0_a_a_a.a#a0a0a0a0a0a0a0aN
Aa.AaAaAa.a	a_a_0_0_a_a_a.a#a0a0a0a0a0a0a0aN
Aa.AaAaAaAa.aAa	a_a_0_0_a_a_a_a.a#a0a0a0a0a0a0a0a0a0a0aN
Aa.AaAaAaAa.aAa	a_a_0_0_a_a_a_a.a#a0a0a0a0a0a0a0a0aN
Aa.AaAaAaAa.aAaAa	a_a_0_0_a_a_a_a.a#a0a0a0a0a0a0a0aN
Aa.AaAaAaAa.aAa	a_a_0_0_a_a_a_a.a#a0a0a0a0a0a0a0N
Aa.AaAaAaAa.aAa	a_a_0_0_a_a_a_a.a#a0a0a0a0a0a0a0N
Aa.AaAaAaAa.a	a_a_0_0_a_a_a_a.a#a0a0a0a0a0a0a0a0a0a0aN
Aa.AaAaAaAa.aAaAa	a_a_0_0_a_a_a_a.a#a0a0a0a0a0a0a0a0N
Aa.AaAaAa.a	a_a_0_0_a_a_a.a#a0a0a0a0a0a0a0N
Aa.AaAaAa.aAa	a_a_0_0_a_a_a.a#a0a0a0a0a0a0a0N
Aa.AaAaAa.a	a_a_0_0_a_a_a.a#a0a0a0a0a0a0a0aN
Aa.AaAaAa.a	a_a_0_0_a_a_a.a#a0a0a0a0a0a0a0N
Aa.AaAaAa.a	a_a_0_0_a_a_a.a#a0a0a0a0a0a0a0aN
Aa.Aa.AaAa.aAa	a_a_0_0_a_0_0_a_a.a#a0a0a0a0a0a0a0a0aN
Aa.Aa.AaAa.aAa	a_a_0_0_a_0_0_a_a.a#a0a0a0a0a0a0a0N
Aa.Aa.AaAa.a	a_a_0_0_a_0_0_a_a.a#a0a0a0a0a0a0a0a0aN
Aa.Aa.AaAa.aAa	a_a_0_0_a_0_0_a_a.a#a0a0a0a0a0a0a0aN
Aa.Aa.AaAa.aAa	a_a_0_0_a_0_0_a_a.a#a0a0a0a0a0a0a0N
Aa.Aa.AaAa.aAa	a_a_0_0_a_0_0_a_a.a#a0a0a0a0a0a0a0a0a0a0N
Aa.AaA.a	a_a_0_0_a_a_a.a#a0a0a0a0a0a0a0aN
Aa.AaA.aAaAa	a_a_0_0_a_a_a.a#a0a0a0a0a0a0a0a0aN
Aa.AaA.aAa	a_a_0_0_a_a_a.a#a0a0a0a0a0a0a0a0N
Aa.AaA.aAaAaAaAa	a_a_0_0_a_a_a.a#a0a0a0a0a0a0N
Aa.AaA.aAa	a_a_0_0_a_a_a.a#a0a0a0a0a0a0a0a0N
Aa.AaA.aAa	a_a_0_0_a_a_a.a#a0a0a0a0a0a0a0N
Aa.AaA.aAaAaAaAa	a_a_0_0_a_a_a.a#a0a0a0a0a0a0a0a0N
Aa.AaA.aAa	a_a_0_0_a_a_a.a#a0a0a0a0a0a0a0a0N
Aa.AaA.aAa	a_a_0_0_a_a_a.a#a0a0a0a0a0a0aN
Aa.AaA.aAaAa	a_a_0_0_a_a_a.a#a0a0a0a0a0a0a0a0a0N
Aa.AaA.aAaAaAa	a_a_0_0_a_a_a.a#a0a0a0a0a0a0a0a0aN
Aa.AaA.aAa	a_a_0_0_a_a_a.a#a0a0a0a0a0a0aN
Aa.AaA.aAa	a_a_0_0_a_a_a.a#a0a0a0a0a0a0a0aN
Aa.AaA.aAa	a_a_0_0_a_a_a.a#a0a0a0a0a0a0a0a0a0N
Aa.AaA.aAa	a_a_0_0_a_a_a.a#a0a0a0a0a0a0a0a0a0a0N
Aa.AaA.AaAaAa	a_a_0_0_a_a_a.a#a0a0a0a0a0a0a0a0aN
Aa.AaA.aAa	a_a_0_0_a_a_a.a#a0a0a0a0a0a0a0a0aN
Aa.AaAa.aAaAaAaAa	a_a_0_0_a_a.a#a0a0a0a0a0a0a0a0aN
Aa.AaAa.aAa	a_a_0_0_a_a.a#a0a0a0a0a0a0a0N
Aa.AaAa.aAa	a_a_0_0_a_a.a#a0a0a0a0a0a0a0a0N
Aa.AaAa.a	a_a_0_0_a_a.a#a0a0a0a0a0a0a0N
Aa.AaAa.a	a_a_0_0_a_a.a#a0a0a0a0a0a0a0N
Aa.AaAa.a	a_a_0_0_a_a.a#a0a0a0a0a0a0a0a0a0aN
Aa.AaAa.a	a_a_0_0_a_a.a#a0a0a0a0a0a0a0a0N
Aa.AaAa.a	a_a_0_0_a_a.a#a0a0a0a0a0a0a0a0N
Aa.AaAa.aAa	a_a_0_0_a_a.a#a0a0a0a0a0a0a0aN
Aa.AaAa.aAa	a_a_0_0_a_a.a#a0a0a0a0a0a0a0a0a0N
Aa.AaAa.aAa	a_a_0_0_a_a.a#a0a0a0a0a0a0a0N
Aa.AaAa.aAa	a_a_0_0_a_a.a#a0a0a0a0a0a0a0a0N
Aa.AaAa.aAaAa	a_a_0_0_a_a.a#a0a0a0a0a0a0N
Aa.AaAa.aAaAa	a_a_0_0_a_a.a#a0a0a0a0a0a0a0a0a0a0a0a0N
Aa.AaAa.aAaAa	a_a_0_0_a_a.a#a0a0a0a0a0a0a0N
Aa.AaAa.aAa	a_a_0_0_a_a.a#a0a0a0a0a0a0a0N
Aa.AaAa.a	a_a_0_0_a_a.a#a0a0a0a0a0a0a0N
Aa.AaAa.a	a_a_0_0_a_a.a#a0a0a0a0a0a0a0a0aN
Aa.AaAa.a	a_a_0_0_a_a.a#a0a0a0a0a0a0a0a0a0N
Aa.AaAa.a	a_a_0_0_a_a.a#a0a0a0a0a0a0a0a0N
Aa.AaAa.aAa	a_a_0_0_a_a.a#a0a0a0a0a0N
Aa.AaAa.a	a_a_0_0_a_a.a#a0a0a0a0a0a0a0N
Aa.AaAa.a	a_a_0_0_a_a.a#a0a0a0a0a0a0a0N
Aa.Aa.AaAa.Aa.a	a_a_0_0_a_0_0_a_a_0_0_a.a#a0a0a0a0a0a0a0a0N
Aa.Aa.AaAa.Aa.a	a_a_0_0_a_0_0_a_a_0_0_a.a#a0a0a0a0a0a0a0N
Aa.Aa.AaAa.Aa.a	a_a_0_0_a_0_0_a_a_0_0_a.a#a0a0a0a0a0a0a0a0a0a0a0N
Aa.Aa.AaAa.Aa.a	a_a_0_0_a_0_0_a_a_0_0_a.a#a0a0a0a0a0a0a0a0a0N
Aa.Aa.AaAa.Aa.a	a_a_0_0_a_0_0_a_a_0_0_a.a#a0a0a0a0a0a0a0a0a0a0N
Aa.Aa.AaAa.Aa.aAa	a_a_0_0_a_0_0_a_a_0_0_a.a#a0a0a0a0a0a0a0a0a0N
Aa.Aa.AaAa.a	a_a_0_0_a_0_0_a_a_a_a_a.a#a0a0a0a0a0a0aN
Aa.Aa.AaAa.aAa	a_a_0_0_a_0_0_a_a_a_a_a.a#a0a0a0a0a0a0a0a0a0aN
Aa.Aa.AaAa.a	a_a_0_0_a_0_0_a_a_a_a_a.a#a0a0a0a0a0a0a0a0a0aN
Aa.Aa.AaAa.a	a_a_0_0_a_0_0_a_a_a_a_a.a#a0a0a0a0a0a0a0N
Aa.Aa.AaAa.aAa	a_a_0_0_a_0_0_a_a_a_a_a.a#a0a0a0a0a0a0N
Aa.Aa.AaAa.aAa	a_a_0_0_a_0_0_a_a_a_a_a.a#a0a0a0a0a0a0a0a0aN
Aa.Aa.AaAa.a0Aa	a_a_0_0_a_0_0_a_a_a_a_a.a#a0a0a0a0a0a0a0a0a0N
Aa.A.Aa.aAaAa	a_a_0_0_a_a_a_0_0_a_a_a_a.a#a0a0a0a0a0aN
Aa.A.Aa.aAaAa	a_a_0_0_a_a_a_0_0_a_a_a_a.a#a0a0a0a0a0a0a0N
Aa.A.Aa.aAaAa	a_a_0_0_a_a_a_0_0_a_a_a_a.a#a0a0a0a0a0N
Aa.A.Aa.aAaAa	a_a_0_0_a_a_a_0_0_a_a_a_a.a#a0a0a0a0a0a0aN
Aa.A.Aa.aAaAa	a_a_0_0_a_a_a_0_0_a_a_a_a.a#a0a0a0a0a0a0N
Aa.A.Aa.aAa	a_a_0_0_a_a_a_0_0_a_a_a_a.a#a0a0a0a0a0a0N
Aa.A.Aa.a	a_a_0_0_a_a_a_0_0_a_a_a_a.a#a0a0a0a0a0a0a0N
Aa.A.Aa.a	a_a_0_0_a_a_a_0_0_a_a_a_a.a#a0a0a0a0a0a0a0N
Aa.A.Aa.a	a_a_0_0_a_a_a_0_0_a_a_a_a.a#a0a0a0a0a0a0a0a0a0a0a0aN
Aa.A.Aa.aAaAaAa	a_a_0_0_a_a_a_0_0_a_a_a_a.a#a0a0a0a0a0a0a0N
Aa.A.Aa.aAa	a_a_0_0_a_a_a_0_0_a_a_a_a.a#a0a0a0a0a0a0aN
Aa.A.Aa.aAaAa	a_a_0_0_a_a_a_0_0_a_a_a_a.a#a0a0a0a0a0a0a0a0a0aN
Aa.A.Aa.a	a_a_0_0_a_a_a_0_0_a_a_a_a.a#a0a0a0a0a0a0a0a0N
Aa.A.Aa.aAaAa	a_a_0_0_a_a_a_0_0_a_a_a_a.a#a0a0a0a0a0a0a0a0N
Aa.A.Aa.aAaAa	a_a_0_0_a_a_a_0_0_a_a_a_a.a#a0a0a0a0a0a0aN
Aa.A.Aa.a	a_a_0_0_a_a_a_0_0_a_a_a_a.a#a0a0a0a0a0a0a0a0a0aN
Aa.Aa.AaAa.aAa	a_a_0_0_a_0_0_a_a_a_a_a.a#a0a0a0a0a0a0a0aN
Aa.Aa.AaAa.aAa	a_a_0_0_a_0_0_a_a_a_a_a.a#a0a0a0a0a0a0a0a0aN
Aa.Aa.AaAa.aAaAa	a_a_0_0_a_0_0_a_a_a_a_a.a#a0a0a0a0a0a0a0aN
Aa.Aa.AaAa.aAa	a_a_0_0_a_0_0_a_a_a_a_a.a#a0a0a0a0a0a0N
Aa.Aa.AaAa.aAa	a_a_0_0_a_0_0_a_a_a_a_a.a#a0a0a0a0a0a0aN
Aa.Aa.AaAa.aAaAa	a_a_0_0_a_0_0_a_a_a_a_a.a#a0a0a0a0a0a0a0a0N
Aa.Aa.AaAa.a	a_a_0_0_a_0_0_a_a_a_a_a.a#a0a0a0a0a0a0a0a0aN
Aa.Aa.AaAa.aAa	a_a_0_0_a_0_0_a_a_a_a_a.a#a0a0a0a0a0a0a0a0aN
Aa.Aa.AaAa.a	a_a_0_0_a_0_0_a_a_a_a_a.a#a0a0a0a0a0a0aN
Aa.Aa.AaAa.a	a_a_0_0_a_0_0_a_a_a_a_a.a#a0a0a0a0a0a0a0a0a0a0a0a0N
Aa.Aa.AaAa.a	a_a_0_0_a_0_0_a_a_a_a_a.a#a0a0a0a0a0a0a0a0aN
Aa.Aa.AaAa.a	a_a_0_0_a_0_0_a_a_a_a_a.a#a0a0a0a0a0a0aN
Aa.Aa.AaAa.aAa	a_a_0_0_a_0_0_a_a_a_a_a.a#a0a0a0a0a0a0aN
Aa.Aa.AaAa.a	a_a_0_0_a_0_0_a_a_a_a_a.a#a0a0a0a0a0a0a0a0a0N
Aa.A.Aa.aAa	a_a_0_0_a_a_a_0_0_a_a_a_a.a#a0a0a0a0a0a0a0a0a0N
Aa.A.Aa.aAa	a_a_0_0_a_a_a_0_0_a_a_a_a.a#a0a0a0a0a0a0a0a0a0N
Aa.A.Aa.a	a_a_0_0_a_a_a_0_0_a_a_a_a.a#a0a0a0a0a0N
Aa.A.Aa.a	a_a_0_0_a_a_a_0_0_a_a_a_a.a#a0a0a0a0a0a0a0N
Aa.A.Aa.aAa	a_a_0_0_a_a_a_0_0_a_a_a_a.a#a0a0a0a0a0a0a0a0N
Aa.A.Aa.a	a_a_0_0_a_a_a_0_0_a_a_a_a.a#a0a0a0a0a0a0a0a0N
Aa.A.Aa._aAa	a_a_0_0_a_a_a_0_0_a_a_a_a.a#a0a0a0a0a0a0a0a0a0N
Aa.A.Aa.aAa	a_a_0_0_a_a_a_0_0_a_a_a_a.a#a0a0a0a0a0a0aN
Aa.A.Aa.aAa	a_a_0_0_a_a_a_0_0_a_a_a_a.a#a0a0a0a0a0a0a0a0a0N
Aa.A.Aa.aAa	a_a_0_0_a_a_a_0_0_a_a_a_a.a#a0a0a0a0a0a0a0a0a0a0N
Aa.A.Aa.aAaAa	a_a_0_0_a_a_a_0_0_a_a_a_a.a#a0a0a0a0a0a0a0N
Aa.A.Aa.aAa	a_a_0_0_a_a_a_0_0_a_a_a_a.a#a0a0a0a0a0a0a0a0a0N
Aa.A.Aa.a	a_a_0_0_a_a_a_0_0_a_a_a_a.a#a0a0a0a0a0a0a0a0aN
Aa.A.Aa.aAa	a_a_0_0_a_a_a_0_0_a_a_a_a.a#a0a0a0a0a0a0a0a0a0N
Aa.A.Aa.AaAa	a_a_0_0_a_a_a_0_0_a_a_a_a.a#a0a0a0a0a0a0a0a0a0N
Aa.A.Aa.aAa	a_a_0_0_a_a_a_0_0_a_a_a_a.a#a0a0a0a0a0a0a0a0a0a0a0N
Aa.A.Aa.a	a_a_0_0_a_a_a_0_0_a_a_a_a.a#a0a0a0a0a0a0a0N
Aa.A.Aa.aAaA	a_a_0_0_a_a_a_0_0_a_a_a_a.a#a0a0a0a0a0N
Aa.A.Aa.aAa	a_a_0_0_a_a_a_0_0_a_a_a_a.a#a0a0a0a0a0a0aN
Aa.A.Aa.aAa	a_a_0_0_a_a_a_0_0_a_a_a_a.a#a0a0a0a0a0aN
Aa.A.Aa.aAa	a_a_0_0_a_a_a_0_0_a_a_a_a.a#a0a0a0a0a0a0aN
Aa.A.Aa.aAaAa	a_a_0_0_a_a_a_0_0_a_a_a_a.a#a0a0a0a0a0aN
Aa.A.Aa.aAa	a_a_0_0_a_a_a_0_0_a_a_a_a.a#a0a0a0a0a0a0aN
Aa.A.Aa.a	a_a_0_0_a_a_a_0_0_a_a_a_a.a#a0a0a0a0a0a0a0a0a0N
Aa.A.AaAa.a	a_a_0_0_a_a_a_0_0_a_a_a_a_a.a#a0a0a0a0a0a0a0N
Aa.A.AaAa.a	a_a_0_0_a_a_a_0_0_a_a_a_a_a.a#a0a0a0a0a0a0a0a0a0N
Aa.A.AaAa.a	a_a_0_0_a_a_a_0_0_a_a_a_a_a.a#a0a0a0a0a0a0aN
Aa.Aa.aAa	a_a_0_0_a.a#a0a0a0a0a0a0a0N
Aa.Aa.aAa	a_a_0_0_a.a#a0a0a0a0a0a0a0aN
Aa.Aa.aAa	a_a_0_0_a.a#a0a0a0a0a0a0a0a0a0N
Aa.Aa.aAa	a_a_0_0_a.a#a0a0a0a0a0a0a0a0N
Aa.Aa.aAaAa	a_a_0_0_a.a#a0a0a0a0a0a0a0a0a0a0aN
Aa.Aa.aAaAa	a_a_0_0_a.a#a0a0a0a0a0a0a0a0a0N
Aa.Aa.aAaAa	a_a_0_0_a.a#a0a0a0a0a0a0a0a0aN
Aa.Aa.aAa	a_a_0_0_a.a#a0a0a0a0a0a0a0a0a0N
Aa.Aa.aAa	a_a_0_0_a.a#a0a0a0a0a0N
Aa.Aa.aAaAa	a_a_0_0_a.a#a0a0a0a0a0a0a0a0N
Aa.Aa.aAaAaAa	a_a_0_0_a.a#a0a0a0a0a0a0a0a0N
Aa.Aa.aAaAaAa	a_a_0_0_a.a#a0a0a0a0a0a0a0a0aN
Aa.Aa.a	a_a_0_0_a.a#a0a0a0a0a0a0a0a0a0N
Aa.Aa.aAaAaAa	a_a_0_0_a.a#a0a0a0a0a0a0N
Aa.Aa.aAaAa	a_a_0_0_a.a#a0a0a0a0a0a0aN
Aa.Aa.aAa	a_a_0_0_a.a#a0a0a0a0a0a0a0a0N
Aa.Aa.aAaAa	a_a_0_0_a.a#a0a0a0a0a0a0a0a0a0a0N
Aa.Aa.aAaA	a_a_0_0_a.a#a0a0a0a0a0a0a0a0a0N
Aa.Aa.a	a_a_0_0_a.a#a0a0a0a0a0a0aN
Aa.AaAa.a	a_a_0_0_a_a.a#a0a0a0a0a0a0a0aN
Aa.AaAa.aAaAa	a_a_0_0_a_a.a#a0a0a0a0a0a0a0aN
Aa.AaAa.aAa	a_a_0_0_a_a.a#a0a0a0a0a0a0a0aN
Aa.AaAa.aAa	a_a_0_0_a_a.a#a0a0a0a0a0a0a0aN
Aa.Aa.AaAa.aAa	a_a_0_0_a_0_0_a_a.a#a0a0a0a0a0a0a0a0N
Aa.Aa.AaAa.a	a_a_0_0_a_0_0_a_a.a#a0a0a0a0a0a0a0a0N
Aa.Aa.AaAa.aAa	a_a_0_0_a_0_0_a_a.a#a0a0a0a0a0a0a0a0N
Aa.AaAaAa.aAaAa	a_a_0_0_a_a_a.a#a0a0a0a0a0a0a0a0a0aN
Aa.AaAaAa.a	a_a_0_0_a_a_a.a#a0a0a0a0a0a0aN
Aa.AaAaAa.a	a_a_0_0_a_a_a.a#a0a0a0a0a0a0a0a0a0aN
Aa.AaAaAa.aAaAa	a_a_0_0_a_a_a.a#a0a0a0a0a0a0a0a0aN
Aa.AaAaAa.a	a_a_0_0_a_a_a.a#a0a0a0a0a0a0a0a0a0a0a0aN
Aa.AaAaAa.aAa	a_a_0_0_a_a_a.a#a0a0a0a0a0a0N
Aa.AaAaAa.a	a_a_0_0_a_a_a.a#a0a0a0a0a0a0a0a0a0N
Aa.AaAaAa.a	a_a_0_0_a_a_a.a#a0a0a0a0a0a0a0a0a0a0N
Aa.AaAaAa.aAa	a_a_0_0_a_a_a.a#a0a0a0a0a0a0a0a0aN
Aa.A.Aa.a	a_a_0_0_a_a_a_0_0_a.a#a0a0a0a0a0a0N
Aa.A.Aa.aAaAa	a_a_0_0_a_a_a_0_0_a.a#a0a0a0a0a0a0a0a0a0N
Aa.A.Aa.aAa	a_a_0_0_a_a_a_0_0_a.a#a0a0a0a0a0a0a0a0a0N
Aa.A.Aa.aAaAa	a_a_0_0_a_a_a_0_0_a.a#a0a0a0a0a0a0a0N
Aa.A.Aa.aAaAa	a_a_0_0_a_a_a_0_0_a.a#a0a0a0a0a0a0a0a0N
Aa.A.Aa.aAa	a_a_0_0_a_a_a_0_0_a.a#a0a0a0a0a0a0a0a0N
Aa.A.Aa.aAaAa	a_a_0_0_a_a_a_0_0_a.a#a0a0a0a0a0a0a0a0N
Aa.A.Aa.aAa	a_a_0_0_a_a_a_0_0_a.a#a0a0a0a0a0a0a0a0a0a0aN
Aa.A.Aa.a	a_a_0_0_a_a_a_0_0_a.a#a0a0a0a0a0a0a0aN
Aa.A.Aa.aAa	a_a_0_0_a_a_a_0_0_a.a#a0a0a0a0a0a0a0aN
Aa.A.Aa.a	a_a_0_0_a_a_a_0_0_a.a#a0a0a0a0a0a0a0a0a0N
Aa.A.Aa.aAaAa	a_a_0_0_a_a_a_0_0_a.a#a0a0a0a0a0aN
Aa.AaAaAa.a	a_a_0_0_a_a_a.a#a0a0a0a0a0a0a0a0N
Aa.Aa.AaAa.a	a_a_0_0_a_0_0_a_a.a#a0a0a0a0a0a0a0aN
Aa.AaAaAa.aAa	a_a_0_0_a_a_a.a#a0a0a0a0a0a0a0aN
Aa.AaAaAa.aAaAa	a_a_0_0_a_a_a.a#a0a0a0a0a0a0a0a0aN
Aa.AaAaAa.aAaAa	a_a_0_0_a_a_a.a#a0a0a0a0a0a0a0a0N
Aa.AaAaAa.aAaAa	a_a_0_0_a_a_a.a#a0a0a0a0a0a0a0a0N
Aa.AaAaAa.a	a_a_0_0_a_a_a.a#a0a0a0a0a0a0a0a0a0aN
Aa.AaAaAa.aAaAa	a_a_0_0_a_a_a.a#a0a0a0a0a0a0a0aN
Aa.AaAaAa.aAa	a_a_0_0_a_a_a.a#a0a0a0a0a0a0a0a0a0a0aN
Aa.AaAaAa.aAa	a_a_0_0_a_a_a.a#a0a0a0a0a0a0aN
Aa.AaAaAa.aAaAaAa	a_a_0_0_a_a_a.a#a0a0a0a0a0a0N
Aa.AaAa.a	a_a_0_0_a_a.a#a0a0a0a0a0a0a0a0a0aN
Aa.AaAa.aAaAaAa	a_a_0_0_a_a.a#a0a0a0a0a0a0a0a0aN
Aa.AaAa.a	a_a_0_0_a_a.a#a0a0a0a0a0a0a0a0N
Aa.AaAa.a0A	a_a_0_0_a_a.a#a0a0a0a0a0a0N
Aa.AaAa.a	a_a_0_0_a_a.a#a0a0a0a0a0a0a0a0aN
Aa.AaAa.a	a_a_0_0_a_a.a#a0a0a0a0a0a0a0a0a0N
Aa.AaAa.AaAa.a	a_a_0_0_a_a_0_0_a_a.a#a0a0a0a0a0a0a0a0a0N
Aa.AaAa.AaAa.a	a_a_0_0_a_a_0_0_a_a.a#a0a0a0a0a0a0a0a0a0aN
Aa.AaAa.AaAa.a	a_a_0_0_a_a_0_0_a_a.a#a0a0a0a0a0a0a0a0N
Aa.AaAa.AaAa.a	a_a_0_0_a_a_0_0_a_a.a#a0a0a0a0a0aN
Aa.AaAa.AaAa.a	a_a_0_0_a_a_0_0_a_a.a#a0a0a0a0a0a0N
Aa.AaAaAa.a	a_a_0_0_a_a_a.a#a0a0a0a0a0a0a0aN
Aa.AaAaAa.a	a_a_0_0_a_a_a.a#a0a0a0a0a0a0a0a0N
Aa.AaAaAa.aAa	a_a_0_0_a_a_a.a#a0a0a0a0a0a0a0a0aN
Aa.AaAaAa.a	a_a_0_0_a_a_a.a#a0a0a0a0a0a0a0a0N
Aa.AaAaAa.aAa	a_a_0_0_a_a_a.a#a0a0a0a0a0a0a0a0a0aN
Aa.AaAaAa.aAa	a_a_0_0_a_a_a.a#a0a0a0a0a0a0a0a0a0a0a0a0N
Aa.AaAaAa.a	a_a_0_0_a_a_a.a#a0a0a0a0a0a0a0a0N
Aa.AaAaAa.a	a_a_0_0_a_a_a.a#a0a0a0a0a0a0aN
Aa.AaAaAa.a	a_a_0_0_a_a_a.a#a0a0a0a0a0a0a0N
Aa.Aa.AaAa.a	a_a_0_0_a_0_0_a_a.a#a0a0a0a0a0N
Aa.Aa.AaAa.a	a_a_0_0_a_0_0_a_a.a#a0a0a0a0a0a0a0a0a0a0N
Aa.Aa.AaAa.aAaAa	a_a_0_0_a_0_0_a_a.a#a0a0a0a0a0a0a0a0N
Aa.Aa.AaAa.aAaAa	a_a_0_0_a_0_0_a_a.a#a0a0a0a0a0a0a0a0N
Aa.Aa.AaAa.aAaAa	a_a_0_0_a_0_0_a_a.a#a0a0a0a0a0a0a0a0a0a0a0N
Aa.Aa.AaAa.aAa	a_a_0_0_a_0_0_a_a.a#a0a0a0a0a0a0a0a0a0N
Aa.Aa.AaAa.a_Aa0_a_a	a_a_0_0_a_0_0_a_a.a#a0a0a0a0a0a0a0a0a0a0N
Aa.Aa.AaAa.a	a_a_0_0_a_0_0_a_a.a#a0a0a0a0a0a0a0a0N
Aa.Aa.AaAa.aAaAa	a_a_0_0_a_0_0_a_a.a#a0a0a0a0a0a0a0a0N
Aa.Aa.AaAa.aAa	a_a_0_0_a_0_0_a_a.a#a0a0a0a0a0a0a0a0a0N
Aa.Aa.AaAa.aAa	a_a_0_0_a_0_0_a_a.a#a0a0a0a0a0a0a0aN
Aa.Aa.AaAa.aAa	a_a_0_0_a_0_0_a_a.a#a0a0a0a0a0a0a0a0a0N
Aa.Aa.AaAa.AaAa.a	a_a_0_0_a_0_0_a_a_0_0_a_a.a#a0a0a0a0a0a0a0a0N
Aa.Aa.AaAa.AaAa.aAa	a_a_0_0_a_0_0_a_a_0_0_a_a.a#a0a0a0a0a0a0a0a0a0aN
Aa.Aa.AaAa.AaAa.aAa	a_a_0_0_a_0_0_a_a_0_0_a_a.a#a0a0a0a0a0a0a0a0a0aN
Aa.Aa.AaAa.AaAa.a	a_a_0_0_a_0_0_a_a_0_0_a_a.a#a0a0a0a0a0a0a0a0N
Aa.Aa.AaAa.AaAa.a	a_a_0_0_a_0_0_a_a_0_0_a_a.a#a0a0a0a0a0a0a0a0aN
Aa.Aa.AaAa.AaAa.a	a_a_0_0_a_0_0_a_a_0_0_a_a.a#a0a0a0a0a0a0a0a0a0N
Aa.Aa.AaAa.AaAa.a	a_a_0_0_a_0_0_a_a_0_0_a_a.a#a0a0a0a0a0a0a0N
Aa.Aa.AaAa.AaAa.Aa	a_a_0_0_a_0_0_a_a_0_0_a_a.a#a0a0a0a0a0a0a0a0a0N
Aa.Aa.AaAaAa.a	a_a_0_0_a_0_0_a_a_a.a#a0a0a0a0a0a0aN
Aa.Aa.AaAaAa.a	a_a_0_0_a_0_0_a_a_a.a#a0a0a0a0a0a0a0a0a0N
Aa.Aa.AaAaAa.aAa	a_a_0_0_a_0_0_a_a_a.a#a0a0a0a0a0a0a0aN
Aa.Aa.AaAaAa.a	a_a_0_0_a_0_0_a_a_a.a#a0a0a0a0a0a0N
Aa.Aa.AaAaAa.a	a_a_0_0_a_0_0_a_a_a.a#a0a0a0a0a0a0a0N
Aa.Aa.AaAaAa.aAa	a_a_0_0_a_0_0_a_a_a.a#a0a0a0a0a0a0a0aN
Aa.AaAa.AaAa.aAa	a_a_0_0_a_a_0_0_a_a.a#a0a0a0a0a0a0a0a0a0a0a0N
Aa.AaAa.AaAa.a	a_a_0_0_a_a_0_0_a_a.a#a0a0a0a0a0a0N
Aa.AaAaAa.a0	a_a_0_0_a_a_a.a#a0a0a0a0a0a0a0a0aN
Aa.AaAaAa.a0	a_a_0_0_a_a_a.a#a0a0a0a0a0a0a0a0a0N
Aa.AaAaAa.a0	a_a_0_0_a_a_a.a#a0a0a0a0a0a0a0a0N
Aa.AaAaAa._aAa	a_a_0_0_a_a_a.a#a0a0a0a0a0a0a0a0aN
Aa.AaAaAa.aAa	a_a_0_0_a_a_a.a#a0a0a0a0a0a0a0a0a0N
Aa.Aa.AaAaA.a	a_a_0_0_a_0_0_a_a_a_a.a#a0a0a0a0a0a0a0N
Aa.Aa.AaAaA.aAa	a_a_0_0_a_0_0_a_a_a_a.a#a0a0a0a0a0a0a0N
Aa.Aa.AaAaA.aAa	a_a_0_0_a_0_0_a_a_a_a.a#a0a0a0a0a0a0a0a0a0N
Aa.Aa.AaAaA.aAa	a_a_0_0_a_0_0_a_a_a_a.a#a0a0a0a0a0a0a0a0aN
Aa.Aa.AaAaA.aAa	a_a_0_0_a_0_0_a_a_a_a.a#a0a0a0a0a0a0a0a0a0a0N
Aa.Aa.AaAaAa.a	a_a_0_0_a_0_0_a_a_a.a#a0a0a0a0a0a0a0a0a0N
Aa.Aa.AaAaAa.a	a_a_0_0_a_0_0_a_a_a.a#a0a0a0a0a0a0a0N
Aa.Aa.AaAaAa.a	a_a_0_0_a_0_0_a_a_a.a#a0a0a0a0a0a0a0a0a0a0N
Aa.Aa.AaAaAa.aAa	a_a_0_0_a_0_0_a_a_a.a#a0a0a0a0a0a0a0N
Aa.Aa.AaAaAa.aAa	a_a_0_0_a_0_0_a_a_a.a#a0a0a0a0a0a0a0a0a0N
Aa.Aa.AaAaAa.a	a_a_0_0_a_0_0_a_a_a.a#a0a0a0a0a0a0a0N
Aa.Aa.AaAaAa.aAa	a_a_0_0_a_0_0_a_a_a.a#a0a0a0a0a0a0a0N
Aa.Aa.AaAaAa.aAa	a_a_0_0_a_0_0_a_a_a.a#a0a0a0a0a0a0a0N
Aa.Aa.AaAaAa.aAa	a_a_0_0_a_0_0_a_a_a.a#a0a0a0a0a0a0a0a0a0aN
Aa.Aa.AaAaAa.a	a_a_0_0_a_0_0_a_a_a.a#a0a0a0a0a0a0a0a0a0N
Aa.AaAa.AaAa.aAa	a_a_0_0_a_a_0_0_a_a.a#a0a0a0a0a0a0a0a0N
Aa.AaAa.AaAa.aAa	a_a_0_0_a_a_0_0_a_a.a#a0a0a0a0a0a0a0a0a0N
Aa.AaAa.AaAa.AaAaAa	a_a_0_0_a_a_0_0_a_a.a#a0a0a0a0a0a0a0a0a0a0N
Aa.AaAa.AaAa.aAaAa	a_a_0_0_a_a_0_0_a_a.a#a0a0a0a0a0a0a0a0N
Aa.AaAa.AaAa.a	a_a_0_0_a_a_0_0_a_a.a#a0a0a0a0a0a0a0a0aN
Aa.AaAa.AaAa.a	a_a_0_0_a_a_0_0_a_a.a#a0a0a0a0a0a0a0aN
Aa.AaAa.AaAa.a0	a_a_0_0_a_a_0_0_a_a.a#a0a0a0a0a0a0N
Aa.AaAa.AaAa.aAa	a_a_0_0_a_a_0_0_a_a.a#a0a0a0a0a0a0a0a0a0aN
Aa.AaAa.AaAa.a	a_a_0_0_a_a_0_0_a_a.a#a0a0a0a0a0a0a0a0N
Aa.AaAa.AaAa.a	a_a_0_0_a_a_0_0_a_a.a#a0a0a0a0a0a0a0aN
Aa.AaAa.AaAa.aAa	a_a_0_0_a_a_0_0_a_a.a#a0a0a0a0a0a0a0a0aN
Aa.AaAa.AaAa.a0	a_a_0_0_a_a_0_0_a_a.a#a0a0a0a0a0a0a0N
Aa.AaAaAa.a	a_a_0_0_a_a_a.a#a0a0a0a0a0a0a0a0a0N
Aa.AaAaAa.a	a_a_0_0_a_a_a.a#a0a0a0a0a0a0a0aN
Aa.Aa.Aa.AaAa.a	a_a_0_0_a_0_0_a_a_a_a_0_0_a_a.a#a0a0a0a0a0a0a0a0a0N
Aa.Aa.Aa.AaAa.a	a_a_0_0_a_0_0_a_a_a_a_0_0_a_a.a#a0a0a0a0a0a0a0aN
Aa.Aa.Aa.AaAa.a	a_a_0_0_a_0_0_a_a_a_a_0_0_a_a.a#a0a0a0a0a0a0a0a0N
Aa.Aa.Aa.AaAa.a	a_a_0_0_a_0_0_a_a_a_a_0_0_a_a.a#a0a0a0a0a0a0a0a0N
Aa.Aa.Aa.AaAa.a	a_a_0_0_a_0_0_a_a_a_a_0_0_a_a.a#a0a0a0a0a0a0a0N
Aa.Aa.Aa.AaAa.a	a_a_0_0_a_0_0_a_a_a_a_0_0_a_a.a#a0a0a0a0a0a0a0a0a0aN
Aa.AaAaAa.a	a_a_0_0_a_a_a.a#a0a0a0a0a0a0aN
Aa.A.Aa.Aa.Aa.a	a_a_0_0_a_a_a_0_0_a_0_0_a_0_0_a_a_a.a#a0a0a0a0a0a0a0a0N
Aa.A.Aa.Aa.Aa.a	a_a_0_0_a_a_a_0_0_a_0_0_a_0_0_a_a_a.a#a0a0a0a0a0a0a0aN
Aa.Aa.AaAa.aAa	a_a_0_0_a_0_0_a_a.a#a0a0a0a0a0a0a0a0N
Aa.Aa.AaAa.AaAaAaAaAa	a_a_0_0_a_0_0_a_a.a#a0a0a0a0a0a0a0a0a0a0aN
Aa.Aa.AaAa.aAa	a_a_0_0_a_0_0_a_a.a#a0a0a0a0a0a0a0N
Aa.Aa.AaAa.aAaAa	a_a_0_0_a_0_0_a_a.a#a0a0a0a0a0a0a0N
Aa.Aa.AaAa.aAa	a_a_0_0_a_0_0_a_a.a#a0a0a0a0a0a0a0aN
Aa.Aa.AaAa.a	a_a_0_0_a_0_0_a_a.a#a0a0a0a0a0a0a0a0aN
Aa.Aa.AaAa.AaA	a_a_0_0_a_0_0_a_a.a#a0a0a0a0a0a0a0a0N
Aa.Aa.AaAa.AaA	a_a_0_0_a_0_0_a_a.a#a0a0a0a0a0a0a0a0a0N
Aa.Aa.AaAa.a	a_a_0_0_a_0_0_a_a.a#a0a0a0a0a0a0a0a0a0N
Aa.Aa.AaAa.AaAaAa	a_a_0_0_a_0_0_a_a.a#a0a0a0a0a0a0a0a0a0aN
Aa.Aa.AaAa.aAa	a_a_0_0_a_0_0_a_a.a#a0a0a0a0a0a0a0a0aN
Aa.Aa.AaAa.aAa	a_a_0_0_a_0_0_a_a.a#a0a0a0a0a0a0a0N
Aa.Aa.AaAa.AaAa	a_a_0_0_a_0_0_a_a.a#a0a0a0a0a0a0a0a0a0N
Aa.Aa.AaAa.AaAaAa	a_a_0_0_a_0_0_a_a.a#a0a0a0a0a0a0a0a0a0N
Aa.Aa.AaAa.aAa	a_a_0_0_a_0_0_a_a.a#a0a0a0a0a0a0a0a0a0a0N
Aa.Aa.AaAa.aAaAa	a_a_0_0_a_0_0_a_a.a#a0a0a0a0a0a0a0a0N
Aa.Aa.AaAa.AaAa	a_a_0_0_a_0_0_a_a.a#a0a0a0a0a0aN
Aa.Aa.AaAa.a	a_a_0_0_a_0_0_a_a.a#a0a0a0a0a0a0a0N
Aa.Aa.AaAa.aAaAa	a_a_0_0_a_0_0_a_a.a#a0a0a0a0a0a0a0a0a0N
Aa.Aa.AaAa.aAa	a_a_0_0_a_0_0_a_a.a#a0a0a0a0a0a0a0a0a0aN
Aa.Aa.AaAa.aAaAa	a_a_0_0_a_0_0_a_a.a#a0a0a0a0a0a0a0N
Aa.Aa.AaAaAa.a	a_a_0_0_a_0_0_a_a_a.a#a0a0a0a0a0a0a0N
Aa.Aa.AaAaAa.a	a_a_0_0_a_0_0_a_a_a.a#a0a0a0a0a0a0a0aN
Aa.Aa.Aa.AaAa	a_a_0_0_a_0_0_a.a#a0a0a0a0a0a0a0a0aN
Aa.Aa.Aa.A_A_A_A_A	a_a_0_0_a_0_0_a.a#a0a0a0a0a0a0a0N
Aa.Aa.Aa.A_A_A_A_A	a_a_0_0_a_0_0_a.a#a0a0a0a0a0a0a0aN
Aa.Aa.Aa.A_A_A_A_A	a_a_0_0_a_0_0_a.a#a0a0a0a0a0a0a0a0a0N
Aa.Aa.Aa.AaAa	a_a_0_0_a_0_0_a.a#a0a0a0a0a0a0a0a0a0aN
Aa.Aa.Aa.AaAa	a_a_0_0_a_0_0_a.a#a0a0a0a0a0a0a0a0aN
Aa.Aa.Aa.AaAa	a_a_0_0_a_0_0_a.a#a0a0a0a0a0a0a0aN
Aa.Aa.Aa.AaAa	a_a_0_0_a_0_0_a.a#a0a0a0a0a0a0a0a0a0N
Aa.Aa.Aa.A_A_A	a_a_0_0_a_0_0_a.a#a0a0a0a0a0a0a0a0a0a0N
Aa.Aa.Aa.A_A_A	a_a_0_0_a_0_0_a.a#a0a0a0a0a0a0a0a0a0a0aN
Aa.Aa.Aa.A_A_A	a_a_0_0_a_0_0_a.a#a0a0a0a0a0a0a0a0a0aN
Aa.Aa.Aa.AaAaAa	a_a_0_0_a_0_0_a.a#a0a0a0a0a0a0a0a0a0a0aN
Aa.Aa.Aa.aAa	a_a_0_0_a_0_0_a.a#a0a0a0a0a0N
Aa.Aa.Aa.aAa	a_a_0_0_a_0_0_a.a#a0a0a0a0a0a0a0a0a0a0N
Aa.Aa.Aa.aAa	a_a_0_0_a_0_0_a.a#a0a0a0a0a0a0N
Aa.Aa.Aa.aAa	a_a_0_0_a_0_0_a.a#a0a0a0a0a0a0a0N
Aa.Aa.Aa.a	a_a_0_0_a_0_0_a.a#a0a0a0a0a0a0a0a0N
Aa.Aa.Aa.aAa	a_a_0_0_a_0_0_a.a#a0a0a0a0a0a0aN
Aa.Aa.Aa.aAa	a_a_0_0_a_0_0_a.a#a0a0a0a0a0a0a0a0a0N
Aa.Aa.Aa.aAaAa	a_a_0_0_a_0_0_a.a#a0a0a0a0a0a0a0a0a0aN
Aa.Aa.Aa.aAa	a_a_0_0_a_0_0_a.a#a0a0a0a0a0a0a0a0N
Aa.Aa.Aa.aAaAa	a_a_0_0_a_0_0_a.a#a0a0a0a0a0a0a0N
Aa.Aa.Aa.aAaAaAa	a_a_0_0_a_0_0_a.a#a0a0a0a0a0a0N
Aa.Aa.Aa.aAa	a_a_0_0_a_0_0_a.a#a0a0a0a0a0a0a0aN
Aa.Aa.Aa.aAaAa	a_a_0_0_a_0_0_a.a#a0a0a0a0a0a0a0a0N
Aa.Aa.Aa.aAaAa	a_a_0_0_a_0_0_a.a#a0a0a0a0a0a0N
Aa.Aa.Aa.a	a_a_0_0_a_0_0_a.a#a0a0a0a0a0a0a0N
Aa.Aa.Aa.aAa	a_a_0_0_a_0_0_a.a#a0a0a0a0a0a0a0a0N
Aa.Aa.Aa.a	a_a_0_0_a_0_0_a.a#a0a0a0a0a0a0a0a0a0N
Aa.Aa.Aa.aAa	a_a_0_0_a_0_0_a.a#a0a0a0a0a0a0a0a0N
Aa.Aa.AaAa.a	a_a_0_0_a_0_0_a_a.a#a0a0a0a0a0a0a0a0N
Aa.Aa.AaAa.a	a_a_0_0_a_0_0_a_a.a#a0a0a0a0a0a0a0a0N
Aa.Aa.AaAa.a	a_a_0_0_a_0_0_a_a.a#a0a0a0a0a0a0aN
Aa.Aa.AaAa.a	a_a_0_0_a_0_0_a_a.a#a0a0a0a0a0a0a0N
Aa.A.Aa.Aa.a	a_a_0_0_a_a_a_0_0_a_0_0_a.a#a0a0a0a0a0a0a0a0a0N
Aa.A.Aa.Aa.a	a_a_0_0_a_a_a_0_0_a_0_0_a.a#a0a0a0a0a0a0a0N
Aa.A.Aa.Aa.a	a_a_0_0_a_a_a_0_0_a_0_0_a.a#a0a0a0a0a0a0a0a0N
Aa.A.Aa.Aa.aAa	a_a_0_0_a_a_a_0_0_a_0_0_a.a#a0a0a0a0a0a0N
Aa.A.Aa.Aa.a	a_a_0_0_a_a_a_0_0_a_0_0_a.a#a0a0a0a0a0a0N
Aa.A.Aa.Aa.a	a_a_0_0_a_a_a_0_0_a_0_0_a.a#a0a0a0a0a0a0a0a0a0N
Aa.A.Aa.Aa.a	a_a_0_0_a_a_a_0_0_a_0_0_a.a#a0a0a0a0a0a0a0N
Aa.A.Aa.Aa.aAa	a_a_0_0_a_a_a_0_0_a_0_0_a.a#a0a0a0a0a0a0a0a0a0N
Aa.A.Aa.AaAa.aAa	a_a_0_0_a_a_a_0_0_a_0_0_a_a.a#a0a0a0a0a0a0a0a0N
Aa.A.Aa.AaAa.aAa	a_a_0_0_a_a_a_0_0_a_0_0_a_a.a#a0a0a0a0a0a0a0aN
Aa.A.Aa.AaAa.aAa	a_a_0_0_a_a_a_0_0_a_0_0_a_a.a#a0a0a0a0a0a0a0a0N
Aa.A.Aa.AaAa.AaAa	a_a_0_0_a_a_a_0_0_a_0_0_a_a.a#a0a0a0a0a0a0a0a0a0a0a0N
Aa.A.Aa.AaAa.aAa	a_a_0_0_a_a_a_0_0_a_0_0_a_a.a#a0a0a0a0a0aN
Aa.A.Aa.AaAa.aAa	a_a_0_0_a_a_a_0_0_a_0_0_a_a.a#a0a0a0a0a0a0a0a0N
Aa.A.Aa.AaAa.a	a_a_0_0_a_a_a_0_0_a_0_0_a_a.a#a0a0a0a0a0a0aN
Aa.AaAaAa.aAaAa	a_a_0_0_a_a_a.a#a0a0a0a0a0a0a0a0N
Aa.AaAaAa.a	a_a_0_0_a_a_a.a#a0a0a0a0a0a0a0aN
Aa.AaAaAa.aAaAaAaAa	a_a_0_0_a_a_a.a#a0a0a0a0a0a0a0a0a0N
Aa.AaAaAa.aAa	a_a_0_0_a_a_a.a#a0a0a0a0a0a0a0a0aN
Aa.Aa.aAa	a_a_0_0_a_a.a#a0a0a0a0a0a0a0a0a0N
